name,datetime,tempmax,tempmin,temp,feelslikemax,feelslikemin,feelslike,dew,humidity,precip,precipprob,precipcover,preciptype,snow,snowdepth,windgust,windspeed,winddir,sealevelpressure,cloudcover,visibility,solarradiation,solarenergy,uvindex,severerisk,sunrise,sunset,moonphase,conditions,description,icon,stations
virginia,2003-01-01,64.1,51.2,58.4,64.1,51.2,58.4,58.1,99,0.665,100,29.17,rain,0,0,,15,161.8,1006.2,97.6,7.6,,,,,2003-01-01T07:24:38,2003-01-01T17:02:00,0.96,"Rain, Overcast",Cloudy skies throughout the day with a chance of rain throughout the day.,rain,72401013740
virginia,2003-01-02,51.2,42.2,44.9,51.2,36.7,40.8,41.7,88.7,0,0,0,,0,0,,12.8,49.8,1012.7,99.6,9.3,,,,,2003-01-02T07:24:47,2003-01-02T17:02:48,0,Overcast,Cloudy skies throughout the day.,cloudy,72401013740
virginia,2003-01-03,44,35.9,41.8,43.1,28.9,37.1,41.4,98.8,0.199,100,37.5,rain,0,0,,11.6,349.9,1009.4,95.7,4.9,,,,,2003-01-03T07:24:54,2003-01-03T17:03:38,0.03,"Rain, Overcast",Cloudy skies throughout the day with a chance of rain throughout the day.,rain,72401013740
virginia,2003-01-04,43.1,29,37.1,37.1,27.1,32.2,29,73.6,0,0,0,,0,0,,11.6,332.3,1014.5,73.3,9.9,,,,,2003-01-04T07:24:58,2003-01-04T17:04:28,0.06,Partially cloudy,Partly cloudy throughout the day.,partly-cloudy-day,72401013740
virginia,2003-01-05,39.8,26,32.8,39.8,25.7,30.7,28.7,85.2,0,0,0,,0,0,,9.2,161.5,1018.6,75.4,9.6,,,,,2003-01-05T07:25:01,2003-01-05T17:05:20,0.09,Partially cloudy,Partly cloudy throughout the day.,partly-cloudy-day,72401013740
virginia,2003-01-06,46.5,30.8,36.3,44.9,26.7,33.2,33.9,92.1,0.323,100,16.67,"rain,snow",0,0,,12.8,325.3,1014.1,78.3,6.7,,,,,2003-01-06T07:25:02,2003-01-06T17:06:14,0.12,"Snow, Rain, Partially cloudy",Partly cloudy throughout the day with rain or snow.,rain,72401013740
virginia,2003-01-07,39.8,26,33.4,32.2,16.5,24.4,15.9,50.1,0,0,0,,0,0,,20.8,281.3,1016.2,39.2,9.9,,,,,2003-01-07T07:25:00,2003-01-07T17:07:08,0.16,Partially cloudy,Becoming cloudy in the afternoon.,partly-cloudy-day,72401013740
virginia,2003-01-08,56,39.3,47.2,56,31.3,42.8,30.9,54,0,0,0,,0,0,,19.7,231.5,999.6,80,9.9,,,,,2003-01-08T07:24:57,2003-01-08T17:08:03,0.19,Partially cloudy,Partly cloudy throughout the day.,partly-cloudy-day,72401013740
virginia,2003-01-09,66.8,48.8,57.1,66.8,43.4,56.9,36.8,47.5,0,0,0,,0,0,,17.2,239.7,995.8,42.9,9.9,,,,,2003-01-09T07:24:51,2003-01-09T17:09:00,0.22,Partially cloudy,Partly cloudy throughout the day.,partly-cloudy-day,72401013740
virginia,2003-01-10,51.2,38.9,46.5,51.2,31.6,41.9,27.4,47.6,0,0,0,,0,0,,18.3,290.5,1004.4,31.3,9.9,,,,,2003-01-10T07:24:43,2003-01-10T17:09:57,0.25,Partially cloudy,Partly cloudy throughout the day.,partly-cloudy-day,72401013740
virginia,2003-01-11,39.8,25.1,33.5,33.3,19.1,26.8,14.8,47.1,0,0,0,,0,0,,12.8,292.8,1017.8,13.3,9.9,,,,,2003-01-11T07:24:34,2003-01-11T17:10:55,0.28,Clear,Clear conditions throughout the day.,clear-day,72401013740
virginia,2003-01-12,37.1,24.2,29.1,33.9,13,22.3,9.7,44.5,0,0,0,,0,0,,13.9,315.3,1026.4,15.5,9.9,,,,,2003-01-12T07:24:22,2003-01-12T17:11:54,0.32,Clear,Clear conditions throughout the day.,clear-day,72401013740
virginia,2003-01-13,42.2,38.9,40.8,37.8,31.6,34.9,22.3,47.5,0,0,0,,0,0,,11.6,328.5,1017.2,82.5,9.9,,,,,2003-01-13T07:24:08,2003-01-13T17:12:54,0.35,Partially cloudy,Partly cloudy throughout the day.,partly-cloudy-day,72401013740
virginia,2003-01-14,35.7,26.7,32.1,35.7,20.1,27.7,23.5,71.7,0,0,0,,0,0,,9.2,46.3,1020.1,79.6,9.3,,,,,2003-01-14T07:23:52,2003-01-14T17:13:55,0.38,Partially cloudy,Partly cloudy throughout the day.,partly-cloudy-day,72401013740
virginia,2003-01-15,37.1,24.9,30.1,30,16.4,23,16,63.7,0,0,0,"rain,snow",1.5,0.5,,17.2,296.5,1022.9,35.8,8.8,,,,,2003-01-15T07:23:34,2003-01-15T17:14:57,0.41,Partially cloudy,Partly cloudy throughout the day.,partly-cloudy-day,72401013740
virginia,2003-01-16,30.8,19.1,25,25.1,10,19.8,12.7,59.9,0,0,0,"rain,snow",1.3,2.4,,9.2,111.5,1025.3,75.9,9.5,,,,,2003-01-16T07:23:15,2003-01-16T17:15:59,0.44,Partially cloudy,Partly cloudy throughout the day.,partly-cloudy-day,72401013740
virginia,2003-01-17,30.8,20.9,26,25.5,10.3,17.3,18,73.3,0.209,100,4.17,snow,0.2,3,,19.7,338.1,1014.5,70.4,8,,,,,2003-01-17T07:22:53,2003-01-17T17:17:02,0.48,"Snow, Partially cloudy",Partly cloudy throughout the day with early morning snow.,snow,72401013740
virginia,2003-01-18,24.2,10.1,18.3,21.3,0.4,11.1,7.4,62.5,0,0,0,,0,2.4,,11.6,78.6,1021.4,18.7,9.9,,,,,2003-01-18T07:22:29,2003-01-18T17:18:05,0.5,Clear,Clear conditions throughout the day.,clear-day,72401013740
virginia,2003-01-19,33.9,17.7,26.3,24.4,9.6,17.1,12.8,57.9,0,0,0,,0,1.7,,17.2,246.8,1016.7,52.5,9.9,,,,,2003-01-19T07:22:03,2003-01-19T17:19:09,0.54,Partially cloudy,Partly cloudy throughout the day.,partly-cloudy-day,72401013740
virginia,2003-01-20,53.9,29,39.8,53.9,19.2,33.4,26.6,59.7,0,0,0,,0,0.2,,17.2,242.5,1011.2,53.9,9.9,,,,,2003-01-20T07:21:35,2003-01-20T17:20:13,0.58,Partially cloudy,Partly cloudy throughout the day.,partly-cloudy-day,72401013740
virginia,2003-01-21,30.8,24.2,28,27.5,16.4,22,20,72,0,0,0,,0,0,,9.2,58.7,1017.5,84.6,9.9,,,,,2003-01-21T07:21:06,2003-01-21T17:21:18,0.62,Partially cloudy,Partly cloudy throughout the day.,partly-cloudy-day,72401013740
virginia,2003-01-22,33.2,19.5,25,27.8,10.2,17.9,11.2,56.1,0,0,0,,0,0,,15,9.7,1019.7,81.3,9.9,,,,,2003-01-22T07:20:34,2003-01-22T17:22:23,0.65,Partially cloudy,Partly cloudy throughout the day.,partly-cloudy-day,72401013740
virginia,2003-01-23,23.1,15.2,18.7,9.8,-2.7,4.1,2.4,51.3,0,0,0,,0,0,,26.4,334.7,1016.8,72.6,9.3,,,,,2003-01-23T07:20:01,2003-01-23T17:23:29,0.69,Partially cloudy,Partly cloudy throughout the day.,partly-cloudy-day,72401013740
virginia,2003-01-24,37.1,15.2,24.7,30.5,1.5,15.6,6.1,47.6,0,0,0,,0,0,,19.7,322.3,1024.4,50.4,9.9,,,,,2003-01-24T07:19:25,2003-01-24T17:24:35,0.72,Partially cloudy,Becoming cloudy in the afternoon.,partly-cloudy-day,72401013740
virginia,2003-01-25,38.9,19.5,27.1,35.5,13.2,22.8,14.2,59.7,0,0,0,,0,0,,9.2,68.6,1027,36.7,9.9,,,,,2003-01-25T07:18:48,2003-01-25T17:25:41,0.75,Partially cloudy,Clearing in the afternoon.,partly-cloudy-day,72401013740
virginia,2003-01-26,47,24.9,35.1,41.8,17,28.9,20.6,58,0,0,0,,0,0,,13.9,217.5,1019.1,66.7,9.9,,,,,2003-01-26T07:18:09,2003-01-26T17:26:47,0.79,Partially cloudy,Partly cloudy throughout the day.,partly-cloudy-day,72401013740
virginia,2003-01-27,33.2,14.1,22.1,23.1,0.9,11.6,4.7,48.8,0,0,0,,0,0,,19.7,346,1028.8,18.3,9.5,,,,,2003-01-27T07:17:28,2003-01-27T17:27:54,0.83,Clear,Clear conditions throughout the day.,clear-day,72401013740
virginia,2003-01-28,41.1,11,28.5,35.4,6.4,22.4,12.9,54,0,0,0,,0,0,,13.9,201.5,1026.4,73,9.9,,,,,2003-01-28T07:16:46,2003-01-28T17:29:00,0.87,Partially cloudy,Partly cloudy throughout the day.,partly-cloudy-day,72401013740
virginia,2003-01-29,44.7,35,39.6,42.2,27.3,34.6,33.1,80.1,0.178,100,37.5,rain,0,0,,12.8,199.3,1020.1,97.8,7,,,,,2003-01-29T07:16:01,2003-01-29T17:30:07,0.9,"Rain, Overcast",Cloudy skies throughout the day with rain.,rain,72401013740
virginia,2003-01-30,35.7,31.2,32.7,29.3,22.6,25.2,31.2,94.2,0.24,100,41.67,"rain,snow",0,0,,10.3,31.1,1026.5,100,3.4,,,,,2003-01-30T07:15:15,2003-01-30T17:31:14,0.94,"Snow, Rain, Overcast",Cloudy skies throughout the day with rain or snow.,rain,72401013740
virginia,2003-01-31,34.1,32.1,33.1,31,23.7,26.8,32.8,98.9,0.024,100,8.33,"rain,snow",0,0,,10.3,6.7,1021.9,100,1.8,,,,,2003-01-31T07:14:27,2003-01-31T17:32:20,0.97,"Snow, Rain, Overcast",Cloudy skies throughout the day with late afternoon rain or snow.,rain,72401013740
virginia,2003-02-01,44,33.9,38.2,38,26.2,32.5,35.2,89.2,0,0,0,,0,0,,16.1,300.3,1010.8,71.7,7.8,,,,,2003-02-01T07:13:38,2003-02-01T17:33:27,0,Partially cloudy,Partly cloudy throughout the day.,partly-cloudy-day,72401013740
virginia,2003-02-02,47,26.9,37,45,24.9,33.9,30.6,79.3,0,0,0,,0,0,,12.8,269.3,1012.6,63.2,9.7,,,,,2003-02-02T07:12:47,2003-02-02T17:34:34,0.04,Partially cloudy,Partly cloudy throughout the day.,partly-cloudy-day,72401013740
virginia,2003-02-03,53,29.9,42,53,25.7,40.6,32.9,72.2,0,0,0,,0,0,,10.3,131.4,1012.3,83.8,9.5,,,,,2003-02-03T07:11:54,2003-02-03T17:35:41,0.07,Partially cloudy,Partly cloudy throughout the day.,partly-cloudy-day,72401013740
virginia,2003-02-04,60.9,38.9,52.5,60.9,35.5,51.2,38.7,61.7,0.232,100,16.67,rain,0,0,,25.3,236.7,1003.4,56.7,9.2,,,,,2003-02-04T07:11:00,2003-02-04T17:36:47,0.1,"Rain, Partially cloudy",Partly cloudy throughout the day with morning rain.,rain,72401013740
virginia,2003-02-05,44,32.1,36.3,40,25.7,31.6,18.5,50.2,0,0,0,,0,0,,10.3,318.5,1018.8,55.2,9.9,,,,,2003-02-05T07:10:04,2003-02-05T17:37:54,0.14,Partially cloudy,Partly cloudy throughout the day.,partly-cloudy-day,72401013740
virginia,2003-02-06,38,26.7,32.3,32.2,22.8,27.2,23.6,72.2,0.18,100,16.67,"rain,snow",0.3,0.1,,9.2,98.7,1027.1,99.6,8.1,,,,,2003-02-06T07:09:07,2003-02-06T17:39:00,0.17,"Snow, Rain, Overcast",Cloudy skies throughout the day with late afternoon rain or snow.,snow,72401013740
virginia,2003-02-07,37.1,30.8,33.5,32.5,22.7,28,32.8,97.3,0.334,100,25,"rain,snow",0.2,0.1,,11.6,334.2,1014.8,99.1,6.2,,,,,2003-02-07T07:08:09,2003-02-07T17:40:07,0.2,"Snow, Rain, Overcast",Cloudy skies throughout the day with rain or snow clearing later.,snow,72401013740
virginia,2003-02-08,38.9,24.9,31.8,32.1,17,25.3,16.2,53.4,0,0,0,,0,0,,17.2,265.8,1021.6,22.5,9.9,,,,,2003-02-08T07:07:08,2003-02-08T17:41:13,0.23,Partially cloudy,Partly cloudy throughout the day.,partly-cloudy-day,72401013740
virginia,2003-02-09,46.1,25.1,34.5,42,17.2,30.1,16.2,47.6,0,0,0,,0,0,,13.9,261.8,1020.3,38.3,9.9,,,,,2003-02-09T07:06:07,2003-02-09T17:42:19,0.25,Partially cloudy,Clearing in the afternoon.,partly-cloudy-day,72401013740
virginia,2003-02-10,38.9,33.2,36,35.9,28.7,31.1,32.2,86.8,0.118,100,25,"rain,snow",0,0,,16.1,233.6,1010.3,73.9,7.6,,,,,2003-02-10T07:05:04,2003-02-10T17:43:24,0.3,"Snow, Rain, Partially cloudy",Partly cloudy throughout the day with rain or snow in the morning and afternoon.,rain,72401013740
virginia,2003-02-11,47,26.7,38.8,40.3,22,32.8,25.5,60.6,0,0,0,,0,0,,18.3,230.5,1013.2,23.3,9.9,,,,,2003-02-11T07:04:00,2003-02-11T17:44:30,0.33,Partially cloudy,Becoming cloudy in the afternoon.,partly-cloudy-day,72401013740
virginia,2003-02-12,47.9,33.2,40.8,41.2,25.6,33.5,13.9,38.7,0,0,0,,0,0,,26.4,271.2,1013.2,9.2,9.9,,,,,2003-02-12T07:02:54,2003-02-12T17:45:35,0.36,Clear,Clear conditions throughout the day.,clear-day,72401013740
virginia,2003-02-13,47.9,23.1,36.7,41.1,16.9,30.4,8,31.3,0,0,0,,0,0,,20.8,270.8,1018.3,0,9.9,,,,,2003-02-13T07:01:47,2003-02-13T17:46:40,0.39,Clear,Clear conditions throughout the day.,clear-day,72401013740
virginia,2003-02-14,47,26,38.5,47,20.1,35.5,31.2,76.5,0.036,100,12.5,rain,0,0,,8.1,167.2,1021.6,72.7,9.1,,,,,2003-02-14T07:00:39,2003-02-14T17:47:44,0.43,"Rain, Partially cloudy",Partly cloudy throughout the day with late afternoon rain.,rain,72401013740
virginia,2003-02-15,43.1,26,36.6,43.1,15.4,30,35.4,95.4,0.866,100,87.5,"rain,snow",0,0,,17.2,49,1021.2,100,3.4,,,,,2003-02-15T06:59:30,2003-02-15T17:48:49,0.46,"Snow, Rain, Overcast",Cloudy skies throughout the day with a chance of rain or snow throughout the day.,rain,72401013740
virginia,2003-02-16,26.7,20,23.1,16.7,7.9,12.6,20.6,90,0.257,100,54.17,snow,0.2,0.1,,12.8,38.2,1027.6,100,2,,,,,2003-02-16T06:58:19,2003-02-16T17:49:53,0.5,"Snow, Overcast",Cloudy skies throughout the day with a chance of snow throughout the day.,snow,72401013740
virginia,2003-02-17,26.7,20.9,24.3,20.3,9.6,15,22.2,91.4,0.295,100,20.83,snow,0.3,0.7,,12.8,5.3,1016,100,4,,,,,2003-02-17T06:57:08,2003-02-17T17:50:56,0.53,"Snow, Overcast",Cloudy skies throughout the day with snow clearing later.,snow,72401013740
virginia,2003-02-18,35.9,26,29.9,35.9,19.2,26.7,27.2,89.8,0,0,0,,0,0.7,,9.2,6.1,1020.7,96.7,8.1,,,,,2003-02-18T06:55:55,2003-02-18T17:52:00,0.56,Overcast,Cloudy skies throughout the day.,cloudy,72401013740
virginia,2003-02-19,46.1,28.5,37.2,42,27.8,34.1,33.8,88.3,0,0,0,,0,0.4,,11.6,190.2,1024.8,92.5,5.7,,,,,2003-02-19T06:54:41,2003-02-19T17:53:03,0.6,Overcast,Cloudy skies throughout the day.,cloudy,72401013740
virginia,2003-02-20,50.1,38,43.3,50.1,33.5,41.1,35.6,75.4,0,0,0,,0,0,,9.2,139.5,1025.2,95.7,8.9,,,,,2003-02-20T06:53:26,2003-02-20T17:54:06,0.63,Overcast,Cloudy skies throughout the day.,cloudy,72401013740
virginia,2003-02-21,50.1,38,42.2,50.1,34.4,40.2,38.1,85.9,0.268,100,33.33,rain,0,0,,8.1,96.9,1018.9,100,6.9,,,,,2003-02-21T06:52:10,2003-02-21T17:55:08,0.67,"Rain, Overcast",Cloudy skies throughout the day with rain.,rain,72401013740
virginia,2003-02-22,60.2,37.5,43.8,60.2,31.5,40.5,43.6,99.3,0.598,100,41.67,rain,0,0,,15,130.2,1002.8,99.4,3.5,,,,,2003-02-22T06:50:54,2003-02-22T17:56:10,0.7,"Rain, Overcast",Cloudy skies throughout the day with a chance of rain throughout the day.,rain,72401013740
virginia,2003-02-23,62.7,35.9,51.5,62.7,30.2,48.3,40.9,69.4,0.264,100,16.67,rain,0,0,,28.9,241.7,999.1,61.9,9.3,,,,,2003-02-23T06:49:36,2003-02-23T17:57:12,0.75,"Rain, Partially cloudy",Partly cloudy throughout the day with rain clearing later.,rain,72401013740
virginia,2003-02-24,62,26.9,42.6,62,21.4,39.7,29.7,63,0,0,0,,0,0,,23,224.8,1020.4,50,9.9,,,,,2003-02-24T06:48:17,2003-02-24T17:58:14,0.77,Partially cloudy,Partly cloudy throughout the day.,partly-cloudy-day,72401013740
virginia,2003-02-25,44,30.8,37.8,41.5,20.1,31.4,23.8,57.6,0,0,0,,0,0,,15,40.8,1026.6,82.1,9.9,,,,,2003-02-25T06:46:58,2003-02-25T17:59:15,0.81,Partially cloudy,Partly cloudy throughout the day.,partly-cloudy-day,72401013740
virginia,2003-02-26,30.8,28.1,29.2,29.9,18.1,21.5,23.1,79.7,0.115,100,25,"rain,snow",0.5,0.2,,11.6,31,1025.6,100,6.2,,,,,2003-02-26T06:45:37,2003-02-26T18:00:16,0.84,"Snow, Rain, Overcast",Cloudy skies throughout the day with rain or snow.,snow,72401013740
virginia,2003-02-27,33.2,26.7,29.9,25.7,17.2,21.4,29.3,97.5,0.526,100,66.67,"rain,snow",0.3,0.5,,11.6,21.9,1018.9,100,3.1,,,,,2003-02-27T06:44:16,2003-02-27T18:01:16,0.88,"Snow, Rain, Overcast",Cloudy skies throughout the day with a chance of rain or snow throughout the day.,snow,72401013740
virginia,2003-02-28,37.1,30.3,33.7,37.1,21.5,28.5,32.9,97.1,0.024,100,8.33,"rain,snow",0,0,,10.3,13.9,1019,100,4.6,,,,,2003-02-28T06:42:54,2003-02-28T18:02:16,0.91,"Snow, Rain, Overcast",Cloudy skies throughout the day with early morning snow or rain.,rain,72401013740
virginia,2003-03-01,44.9,35.7,39.9,41.7,30.8,36.5,38.3,94.2,0.012,100,4.17,rain,0,0,,9.2,154.6,1022.1,99.5,5.2,,,,,2003-03-01T06:41:32,2003-03-01T18:03:16,0.95,"Rain, Overcast",Cloudy skies throughout the day with late afternoon rain.,rain,72401013740
virginia,2003-03-02,59.1,41.1,47.6,59.1,35.9,45.3,42.8,85.4,0.297,100,29.17,rain,0,0,,13.9,324.7,1006.2,84.6,6.8,,,,,2003-03-02T06:40:08,2003-03-02T18:04:16,0,"Rain, Partially cloudy",Partly cloudy throughout the day with rain clearing later.,rain,72401013740
virginia,2003-03-03,44.7,26,35.4,40,18.2,28.3,18.7,51,0,0,0,,0,0,,18.3,19.4,1017.2,10.8,9.9,,,,,2003-03-03T06:38:44,2003-03-03T18:05:15,0.02,Clear,Clear conditions throughout the day.,clear-day,72401013740
virginia,2003-03-04,55.1,24.2,38.4,55.1,18.2,36.4,27.2,64.4,0,0,0,,0,0,,10.3,134.1,1021.2,71.7,9.9,,,,,2003-03-04T06:37:19,2003-03-04T18:06:14,0.05,Partially cloudy,Partly cloudy throughout the day.,partly-cloudy-day,72401013740
virginia,2003-03-05,71,44,55.7,71,40.6,55.2,49.3,81.8,0.518,100,33.33,rain,0,0,,19.7,242.9,1009.3,99.1,6.8,,,,,2003-03-05T06:35:54,2003-03-05T18:07:12,0.08,"Rain, Overcast",Cloudy skies throughout the day with rain clearing later.,rain,72401013740
virginia,2003-03-06,65,34.1,51.6,65,23.2,48.5,48.5,89.2,0.436,100,29.17,rain,0,0,,20.8,332.5,1008.7,99.6,8.1,,,,,2003-03-06T06:34:28,2003-03-06T18:08:11,0.12,"Rain, Overcast",Cloudy skies throughout the day with rain clearing later.,rain,72401013740
virginia,2003-03-07,37.1,29.9,33.6,35.9,21.5,27.7,26.1,73.9,0,0,0,,0,0,,17.2,44,1023.6,100,9.9,,,,,2003-03-07T06:33:02,2003-03-07T18:09:09,0.15,Overcast,Cloudy skies throughout the day.,cloudy,72401013740
virginia,2003-03-08,60.2,26.7,43.3,60.2,21.4,42,33.4,71.8,0,0,0,,0,0,,15,178.9,1020.1,70.9,8.8,,,,,2003-03-08T06:31:35,2003-03-08T18:10:06,0.18,Partially cloudy,Partly cloudy throughout the day.,partly-cloudy-day,72401013740
virginia,2003-03-09,71.9,43.1,57.1,71.9,38.3,55.6,36.3,50.7,0,0,0,,0,0,,24.2,254.2,1010.5,45.8,9.9,,,,,2003-03-09T06:30:08,2003-03-09T18:11:04,0.22,Partially cloudy,Partly cloudy throughout the day.,partly-cloudy-day,72401013740
virginia,2003-03-10,47,30.3,37.2,44.9,23.7,32.2,20.8,53.5,0,0,0,,0,0,,10.3,36.4,1019.7,24.2,9.9,,,,,2003-03-10T06:28:40,2003-03-10T18:12:01,0.25,Partially cloudy,Partly cloudy throughout the day.,partly-cloudy-day,72401013740
virginia,2003-03-11,44.9,28.5,36.4,43.5,22.2,33.1,30,77.6,0,0,0,,0,0,,8.1,124.6,1022.8,78.8,9.9,,,,,2003-03-11T06:27:12,2003-03-11T18:12:58,0.25,Partially cloudy,Partly cloudy throughout the day.,partly-cloudy-day,72401013740
virginia,2003-03-12,68.1,29,54.5,68.1,23.9,53.5,40,62.6,0,0,0,,0,0,,18.3,211.5,1018.3,30,8.9,,,,,2003-03-12T06:25:43,2003-03-12T18:13:55,0.31,Partially cloudy,Partly cloudy throughout the day.,partly-cloudy-day,72401013740
virginia,2003-03-13,79.1,44.7,60.2,79.1,44.7,60.2,48.6,69,0.122,100,8.33,rain,0,0,,26.4,216.7,1014.3,77.5,8.6,,,,,2003-03-13T06:24:14,2003-03-13T18:14:52,0.35,"Rain, Partially cloudy",Partly cloudy throughout the day with late afternoon rain.,rain,72401013740
virginia,2003-03-14,51.2,32.1,41.9,51.2,26.5,35.7,28.4,61.6,0,0,0,,0,0,,20.8,41.5,1025.4,57.9,9.7,,,,,2003-03-14T06:22:45,2003-03-14T18:15:48,0.38,Partially cloudy,Partly cloudy throughout the day.,partly-cloudy-day,72401013740
virginia,2003-03-15,52.1,28.1,41.1,52.1,22.8,39.8,32.3,73.3,0,0,0,,0,0,,5.8,43.6,1023.7,82.1,9.9,,,,,2003-03-15T06:21:15,2003-03-15T18:16:44,0.41,Partially cloudy,Partly cloudy throughout the day.,partly-cloudy-day,72401013740
virginia,2003-03-16,60.2,41.1,51.3,60.2,38,50.2,48.4,90,0.083,100,12.5,rain,0,0,,10.3,36.9,1016.5,87.6,9.3,,,,,2003-03-16T06:19:45,2003-03-16T18:17:40,0.44,"Rain, Partially cloudy",Partly cloudy throughout the day with afternoon rain.,rain,72401013740
virginia,2003-03-17,61.1,53.9,57.5,61.1,53.9,57.5,55.7,93.9,0,0,0,,0,0,,10.3,2.1,1009.2,100,7,,,,,2003-03-17T06:18:15,2003-03-17T18:18:36,0.48,Overcast,Cloudy skies throughout the day.,cloudy,72401013740
virginia,2003-03-18,69.2,56,62.8,69.2,56,62.8,56.2,80.9,0,0,0,,0,0,,10.3,47.7,1006.8,98.7,6.9,,,,,2003-03-18T06:16:45,2003-03-18T18:19:31,0.5,Overcast,Cloudy skies throughout the day.,cloudy,72401013740
virginia,2003-03-19,51.9,41.1,46,51.9,35.4,40.9,41.3,84.4,0,0,0,,0,0,,18.3,72.4,1020.9,94.7,9.3,,,,,2003-03-19T06:15:15,2003-03-19T18:20:27,0.54,Overcast,Cloudy skies throughout the day.,cloudy,72401013740
virginia,2003-03-20,62.7,39.8,47,62.7,32,43.4,46.8,99.2,2.459,100,58.33,rain,0,0,,21.9,64.8,1015,100,4.7,,,,,2003-03-20T06:13:44,2003-03-20T18:21:22,0.58,"Rain, Overcast",Cloudy skies throughout the day with a chance of rain throughout the day.,rain,72401013740
virginia,2003-03-21,62,47,57.4,62,44.9,57.1,56.1,95.4,0,0,0,,0,0,,12.8,222.9,1006.5,57,5.3,,,,,2003-03-21T06:12:13,2003-03-21T18:22:17,0.61,Partially cloudy,Partly cloudy throughout the day.,partly-cloudy-day,72401013740
virginia,2003-03-22,69.2,46.1,58.5,69.2,46.1,58.5,47.7,71.3,0,0,0,,0,0,,15,251.2,1010.3,58.3,7.5,,,,,2003-03-22T06:10:43,2003-03-22T18:23:12,0.65,Partially cloudy,Partly cloudy throughout the day.,partly-cloudy-day,72401013740
virginia,2003-03-23,68.1,39.8,55,68.1,36.5,54.7,42.8,67.1,0,0,0,,0,0,,12.8,108.5,1014.1,49.6,9.6,,,,,2003-03-23T06:09:12,2003-03-23T18:24:07,0.68,Partially cloudy,Partly cloudy throughout the day.,partly-cloudy-day,72401013740
virginia,2003-03-24,68.1,44,55.7,68.1,40.6,55.1,40.3,60.7,0,0,0,,0,0,,10.3,26.2,1016.8,19.1,9.9,,,,,2003-03-24T06:07:41,2003-03-24T18:25:01,0.75,Clear,Clear conditions throughout the day.,clear-day,72401013740
virginia,2003-03-25,73.1,41.1,58.3,73.1,39.2,57.9,43,59.7,0,0,0,,0,0,,17.2,179,1016.6,9.2,9.6,,,,,2003-03-25T06:06:10,2003-03-25T18:25:56,0.75,Clear,Clear conditions throughout the day.,clear-day,72401013740
virginia,2003-03-26,79.1,47,60.5,79.1,43.4,60.2,47.3,65.6,0.114,100,12.5,rain,0,0,,26.4,223,1012,45.8,9.7,,,,,2003-03-26T06:04:39,2003-03-26T18:26:51,0.79,"Rain, Partially cloudy",Partly cloudy throughout the day with late afternoon rain.,rain,72401013740
virginia,2003-03-27,64.5,43.1,52,64.5,42.4,51.3,40.9,70.4,0,0,0,,0,0,,15,102.7,1020.1,74.2,8.3,,,,,2003-03-27T06:03:09,2003-03-27T18:27:45,0.82,Partially cloudy,Partly cloudy throughout the day.,partly-cloudy-day,72401013740
virginia,2003-03-28,71,42.9,57.7,71,39.3,56.7,51.8,80.9,0,0,0,,0,0,,11.6,80.7,1020.4,79.6,9.9,,,,,2003-03-28T06:01:38,2003-03-28T18:28:39,0.86,Partially cloudy,Partly cloudy throughout the day.,partly-cloudy-day,72401013740
virginia,2003-03-29,74,57.8,66,74,57.8,66,63.3,91.4,0.392,100,25,rain,0,0,,17.2,170.1,1014.3,92.6,8.8,,,,,2003-03-29T06:00:08,2003-03-29T18:29:34,0.89,"Rain, Overcast",Cloudy skies throughout the day with rain.,rain,72401013740
virginia,2003-03-30,55.1,33.9,40.7,55.1,23.6,33.2,38.8,93.5,1.354,100,62.5,"rain,snow",0,0,,24.2,355.1,1013.6,100,5.7,,,,,2003-03-30T05:58:37,2003-03-30T18:30:28,0.93,"Snow, Rain, Overcast",Cloudy skies throughout the day with a chance of rain or snow throughout the day.,rain,72401013740
virginia,2003-03-31,47.9,30.8,39.9,41.5,21.6,32,21.3,48.1,0,0,0,,0,0,,19.7,300.7,1018.9,44.6,9.9,,,,,2003-03-31T05:57:07,2003-03-31T18:31:22,0.96,Partially cloudy,Becoming cloudy in the afternoon.,partly-cloudy-day,72401013740
virginia,2003-04-01,66.8,34.1,50.4,66.8,28,47.2,34.4,56,0.024,100,8.33,rain,0,0,,23,217.8,1018.9,57.5,9.9,,,,,2003-04-01T05:55:37,2003-04-01T18:32:16,0,"Rain, Partially cloudy",Partly cloudy throughout the day with rain in the morning and afternoon.,rain,72401013740
virginia,2003-04-02,80.9,55.1,68.3,80.2,55.1,68.2,47.5,48.7,0,0,0,,0,0,,20.8,227.3,1016.2,12.1,9.9,,,,,2003-04-02T05:54:08,2003-04-02T18:33:11,0.03,Clear,Clear conditions throughout the day.,clear-day,72401013740
virginia,2003-04-03,83.9,53,70.8,82.1,53,70.3,48.7,48.1,0,0,0,,0,0,,17.2,223.5,1013.8,16.7,9.9,,,,,2003-04-03T05:52:38,2003-04-03T18:34:05,0.06,Clear,Clear conditions throughout the day.,clear-day,72401013740
virginia,2003-04-04,77.1,52.1,65.2,77.1,52.1,65.2,53.4,67.7,0,0,0,,0,0,,13.9,154.8,1010.4,60,9.7,,,,,2003-04-04T05:51:09,2003-04-04T18:34:59,0.1,Partially cloudy,Partly cloudy throughout the day.,partly-cloudy-day,72401013740
virginia,2003-04-05,74.9,48.3,60.3,74.9,44.7,59.9,53.8,81.7,0.031,100,4.17,rain,0,0,,18.3,261.2,1010.6,60,7,,,,,2003-04-05T05:49:41,2003-04-05T18:35:53,0.13,"Rain, Partially cloudy",Partly cloudy throughout the day with afternoon rain.,rain,72401013740
virginia,2003-04-06,60.2,44.9,52.5,60.2,39.6,50.5,39.1,62.3,0,0,0,,0,0,,17.2,58.5,1025.1,55,9.9,,,,,2003-04-06T06:48:12,2003-04-06T19:36:47,0.16,Partially cloudy,Partly cloudy throughout the day.,partly-cloudy-day,72401013740
virginia,2003-04-07,46.1,39.3,41.7,42,32,35.4,41.2,98,1.953,100,50,rain,0,0,,13.9,33.7,1025.5,100,5.2,,,,,2003-04-07T06:46:44,2003-04-07T19:37:41,0.2,"Rain, Overcast",Cloudy skies throughout the day with a chance of rain throughout the day.,rain,72401013740
virginia,2003-04-08,44,38,40.8,41.4,30.8,35,40.8,99.8,0.074,100,12.5,rain,0,0,,15,28.6,1024.2,100,6.1,,,,,2003-04-08T06:45:17,2003-04-08T19:38:35,0.23,"Rain, Overcast",Cloudy skies throughout the day with late afternoon rain.,rain,72401013740
virginia,2003-04-09,43.1,38.9,40.6,37.8,31.2,33.8,40.4,99.3,0.944,100,58.33,rain,0,0,,15,27.9,1017.9,100,6.5,,,,,2003-04-09T06:43:50,2003-04-09T19:39:30,0.25,"Rain, Overcast",Cloudy skies throughout the day with a chance of rain throughout the day.,rain,72401013740
virginia,2003-04-10,48.8,42.2,43.5,41.5,32.7,36,41.6,93.4,0.7,100,16.67,rain,0,0,,27.7,49.1,1012.9,100,7.3,,,,,2003-04-10T06:42:23,2003-04-10T19:40:24,0.3,"Rain, Overcast",Cloudy skies throughout the day with late afternoon rain.,rain,72401013740
virginia,2003-04-11,46.1,41.1,43,40.3,33.2,36.3,42.5,98.2,0.063,100,12.5,rain,0,0,,18.3,354.1,1006.5,100,5.2,,,,,2003-04-11T06:40:57,2003-04-11T19:41:18,0.33,"Rain, Overcast",Cloudy skies throughout the day with early morning rain.,rain,72401013740
virginia,2003-04-12,71.9,47,58,71.9,40.8,56.3,41.2,58.7,0,0,0,,0,0,,18.3,321.4,1006.2,48.3,9.9,,,,,2003-04-12T06:39:32,2003-04-12T19:42:12,0.36,Partially cloudy,Clearing in the afternoon.,partly-cloudy-day,72401013740
virginia,2003-04-13,69.2,47,57.2,69.2,42.3,56.6,40.8,57.6,0,0,0,,0,0,,11.6,9.3,1019,0,9.9,,,,,2003-04-13T06:38:07,2003-04-13T19:43:06,0.4,Clear,Clear conditions throughout the day.,clear-day,72401013740
virginia,2003-04-14,71,39.8,56.7,71,39.8,56.7,44.1,67.1,0,0,0,,0,0,,13.9,155,1027,38.7,9.9,,,,,2003-04-14T06:36:42,2003-04-14T19:44:01,0.43,Partially cloudy,Partly cloudy throughout the day.,partly-cloudy-day,72401013740
virginia,2003-04-15,82.1,47.9,64.4,82.3,44.7,64.1,50.7,62.8,0,0,0,,0,0,,16.1,195.9,1022.6,7.3,9.9,,,,,2003-04-15T06:35:18,2003-04-15T19:44:55,0.46,Clear,Clear conditions throughout the day.,clear-day,72401013740
virginia,2003-04-16,83.9,53.9,70.3,82.3,53.9,70.1,55.2,62.7,0,0,0,,0,0,,13.9,213.7,1014.8,28.3,9.7,,,,,2003-04-16T06:33:55,2003-04-16T19:45:50,0.5,Partially cloudy,Partly cloudy throughout the day.,partly-cloudy-day,72401013740
virginia,2003-04-17,66.3,42.2,55,66.3,34.3,53,49.5,82.5,0,0,0,,0,0,,19.7,76.4,1018.9,71.8,9,,,,,2003-04-17T06:32:33,2003-04-17T19:46:44,0.53,Partially cloudy,Partly cloudy throughout the day.,partly-cloudy-day,72401013740
virginia,2003-04-18,48.3,42.2,45.2,44.7,35.7,40,45.2,100,0.094,100,12.5,rain,0,0,,13.9,31,1025.6,100,3.7,,,,,2003-04-18T06:31:11,2003-04-18T19:47:38,0.56,"Rain, Overcast",Cloudy skies throughout the day with rain.,rain,72401013740
virginia,2003-04-19,59.1,47,51.3,59.1,41.8,49.4,48.2,90.2,0.06,100,20.83,rain,0,0,,11.6,42,1026.7,80.4,7.3,,,,,2003-04-19T06:29:50,2003-04-19T19:48:33,0.6,"Rain, Partially cloudy",Partly cloudy throughout the day with rain clearing later.,rain,72401013740
virginia,2003-04-20,65.9,42.2,54.3,65.9,38.5,53.1,45.4,75.4,0,0,0,,0,0,,11.6,28.2,1023.5,67.5,9.9,,,,,2003-04-20T06:28:30,2003-04-20T19:49:28,0.63,Partially cloudy,Partly cloudy throughout the day.,partly-cloudy-day,72401013740
virginia,2003-04-21,71.9,44.9,59.8,71.9,43,59.4,54.9,85.7,0,0,0,,0,0,,16.1,188,1013.9,78.7,8.8,,,,,2003-04-21T06:27:11,2003-04-21T19:50:22,0.67,Partially cloudy,Partly cloudy throughout the day.,partly-cloudy-day,72401013740
virginia,2003-04-22,70.1,57.8,65,70.1,57.8,65,55,71.7,0,0,0,,0,0,,15,320.4,1006.7,86.3,9.4,,,,,2003-04-22T06:25:52,2003-04-22T19:51:17,0.7,Partially cloudy,Partly cloudy throughout the day.,partly-cloudy-day,72401013740
virginia,2003-04-23,66.3,44.9,55.3,66.3,42.4,54.9,36.2,53,0,0,0,,0,0,,16.1,321.3,1013.2,11.3,9.9,,,,,2003-04-23T06:24:35,2003-04-23T19:52:11,0.75,Clear,Clear conditions throughout the day.,clear-day,72401013740
virginia,2003-04-24,66.8,41.1,54.8,66.8,35.4,53.4,31,44.1,0,0,0,,0,0,,11.6,340,1016.2,45.4,9.9,,,,,2003-04-24T06:23:18,2003-04-24T19:53:06,0.77,Partially cloudy,Becoming cloudy in the afternoon.,partly-cloudy-day,72401013740
virginia,2003-04-25,65.9,51.9,56.9,65.9,51.9,56.9,51.3,83,0.323,100,33.33,rain,0,0,,13.9,146.1,1010.5,99.6,7.8,,,,,2003-04-25T06:22:02,2003-04-25T19:54:01,0.8,"Rain, Overcast",Cloudy skies throughout the day with rain.,rain,72401013740
virginia,2003-04-26,66.3,56.9,60.9,66.3,56.9,60.9,59.1,94.1,0.102,100,16.67,rain,0,0,,11.6,15.8,1004.5,100,7.6,,,,,2003-04-26T06:20:47,2003-04-26T19:54:55,0.84,"Rain, Overcast",Cloudy skies throughout the day with early morning rain.,rain,72401013740
virginia,2003-04-27,74,53.9,62.7,74,53.9,62.7,52.4,73.6,0.012,100,4.17,rain,0,0,,11.6,351.6,1013.6,33.3,7.5,,,,,2003-04-27T06:19:33,2003-04-27T19:55:50,0.87,"Rain, Partially cloudy",Partly cloudy throughout the day with early morning rain.,rain,72401013740
virginia,2003-04-28,79.1,47,63.2,79.1,47,63.2,52.8,73,0,0,0,,0,0,,15,183.3,1016.4,8.7,9.2,,,,,2003-04-28T06:18:20,2003-04-28T19:56:44,0.9,Clear,Clear conditions throughout the day.,clear-day,72401013740
virginia,2003-04-29,80,55.1,68.5,80,55.1,68.5,57,69.2,0,0,0,,0,0,,15,264.5,1012.9,39.2,9.8,,,,,2003-04-29T06:17:08,2003-04-29T19:57:39,0.94,Partially cloudy,Partly cloudy throughout the day.,partly-cloudy-day,72401013740
virginia,2003-04-30,80,56.9,68,80,56.9,68,57.5,71.7,0.031,100,4.17,rain,0,0,,16.1,105.3,1017.4,59.6,8.2,,,,,2003-04-30T06:15:58,2003-04-30T19:58:34,0.97,"Rain, Partially cloudy",Partly cloudy throughout the day with late afternoon rain.,rain,72401013740
virginia,2003-05-01,82.1,60.2,69.9,82.5,60.2,69.9,61.9,78.3,0.323,100,12.5,rain,0,0,,16.1,194.3,1016.5,98.2,6.5,,,,,2003-05-01T06:14:48,2003-05-01T19:59:28,0,"Rain, Overcast",Cloudy skies throughout the day with early morning rain.,rain,72401013740
virginia,2003-05-02,80,61.1,70.1,80,61.1,70.1,63,79.6,0,0,0,,0,0,,12.8,193,1009.1,98.8,9.9,,,,,2003-05-02T06:13:39,2003-05-02T20:00:22,0.04,Overcast,Cloudy skies throughout the day.,cloudy,72401013740
virginia,2003-05-03,66.8,53,60,66.8,53,60,54.1,81.4,0.162,100,16.67,rain,0,0,,16.1,48.4,1014.8,99.6,9.3,,,,,2003-05-03T06:12:32,2003-05-03T20:01:17,0.07,"Rain, Overcast",Cloudy skies throughout the day with rain clearing later.,rain,72401013740
virginia,2003-05-04,64.1,48.8,55.7,64.1,48,55.7,42.8,65.8,0.012,100,4.17,rain,0,0,,13.9,54.2,1020.5,75.4,9.8,,,,,2003-05-04T06:11:26,2003-05-04T20:02:11,0.11,"Rain, Partially cloudy",Partly cloudy throughout the day with early morning rain.,rain,72401013740
virginia,2003-05-05,55.1,42.2,50.2,55.1,42.2,50,46.8,88.5,0.174,100,25,rain,0,0,,9.2,162.9,1019.8,93.8,9.2,,,,,2003-05-05T06:10:21,2003-05-05T20:03:05,0.14,"Rain, Overcast",Cloudy skies throughout the day with rain.,rain,72401013740
virginia,2003-05-06,75.8,55.5,64.4,75.8,55.5,64.4,60.1,87.3,0.012,100,4.17,rain,0,0,,11.6,223.6,1013.6,96.7,6.9,,,,,2003-05-06T06:09:17,2003-05-06T20:03:59,0.18,"Rain, Overcast",Cloudy skies throughout the day with morning rain.,rain,72401013740
virginia,2003-05-07,82.1,57.8,71.8,83.9,57.8,72.2,63.8,78.3,0,0,0,,0,0,,13.9,203,1012.6,91.9,7.9,,,,,2003-05-07T06:08:15,2003-05-07T20:04:53,0.21,Overcast,Cloudy skies throughout the day.,cloudy,72401013740
virginia,2003-05-08,83.9,62,70.4,84.9,62,70.6,63.8,82,0.342,100,12.5,rain,0,0,,15,298.3,1012.8,73.8,9.4,,,,,2003-05-08T06:07:13,2003-05-08T20:05:46,0.24,"Rain, Partially cloudy",Partly cloudy throughout the day with rain.,rain,72401013740
virginia,2003-05-09,78.2,60.2,67.3,78.2,60.2,67.3,65.3,94,0.064,100,16.67,rain,0,0,,10.3,133.2,1013.4,81.4,5.3,,,,,2003-05-09T06:06:14,2003-05-09T20:06:39,0.25,"Rain, Partially cloudy",Partly cloudy throughout the day with rain.,rain,72401013740
virginia,2003-05-10,74,62.9,69.3,74,62.9,69.3,67.3,93.6,0.063,100,12.5,rain,0,0,,10.3,186.5,1012.5,100,2.9,,,,,2003-05-10T06:05:15,2003-05-10T20:07:33,0.31,"Rain, Overcast",Cloudy skies throughout the day with rain.,rain,72401013740
virginia,2003-05-11,83,68.1,77.1,87.7,68.1,79.1,69.4,78.2,0,0,0,,0,0,,20.8,225.1,1005.2,88.9,7.4,,,,,2003-05-11T06:04:18,2003-05-11T20:08:25,0.35,Partially cloudy,Partly cloudy throughout the day.,partly-cloudy-day,72401013740
virginia,2003-05-12,75.8,64.1,70.4,75.8,64.1,70.4,47.6,45.8,0,0,0,,0,0,,24.2,262.5,1005.5,33.5,9.9,,,,,2003-05-12T06:03:22,2003-05-12T20:09:18,0.38,Partially cloudy,Partly cloudy throughout the day.,partly-cloudy-day,72401013740
virginia,2003-05-13,73.1,52.1,64.8,73.1,52.1,64.8,39.8,42.9,0,0,0,,0,0,,24.2,279.7,1010.1,41.3,9.9,,,,,2003-05-13T06:02:28,2003-05-13T20:10:10,0.42,Partially cloudy,Partly cloudy throughout the day.,partly-cloudy-day,72401013740
virginia,2003-05-14,75.8,46.1,63.2,75.8,46.1,63.2,43.4,52.1,0,0,0,,0,0,,11.6,257.8,1013.8,46.3,9.9,,,,,2003-05-14T06:01:35,2003-05-14T20:11:02,0.45,Partially cloudy,Partly cloudy throughout the day.,partly-cloudy-day,72401013740
virginia,2003-05-15,77.1,55.1,66.5,77.1,55.1,66.5,54.9,69.1,0.11,100,4.17,rain,0,0,,17.2,155,1015.2,90.9,9.6,,,,,2003-05-15T06:00:44,2003-05-15T20:11:54,0.5,"Rain, Overcast",Cloudy skies throughout the day with late afternoon rain.,rain,72401013740
virginia,2003-05-16,73.5,57.8,64.3,73.5,57.8,64.3,60.1,87.3,0.083,100,12.5,rain,0,0,,17.2,27,1017.7,93.5,6.7,,,,,2003-05-16T05:59:54,2003-05-16T20:12:45,0.52,"Rain, Overcast",Cloudy skies throughout the day with early morning rain.,rain,72401013740
virginia,2003-05-17,56,51.9,53.4,56,51.9,53.4,53,98.7,0.254,100,33.33,rain,0,0,,13.9,54,1024.9,100,4,,,,,2003-05-17T05:59:06,2003-05-17T20:13:36,0.55,"Rain, Overcast",Cloudy skies throughout the day with rain.,rain,72401013740
virginia,2003-05-18,53.7,51.2,52.1,53.7,51.2,52.1,51.8,99.1,1.066,100,91.67,rain,0,0,,8.1,54,1025.5,100,4.4,,,,,2003-05-18T05:58:19,2003-05-18T20:14:26,0.58,"Rain, Overcast",Cloudy skies throughout the day with a chance of rain throughout the day.,rain,72401013740
virginia,2003-05-19,71,48.8,58.5,71,45.3,58.4,51.8,80.3,0.032,100,8.33,rain,0,0,,12.8,43,1025.8,76.3,9,,,,,2003-05-19T05:57:34,2003-05-19T20:15:16,0.62,"Rain, Partially cloudy",Partly cloudy throughout the day with early morning rain.,rain,72401013740
virginia,2003-05-20,74,47.9,62.6,74,46,62.6,50.1,65.9,0,0,0,,0,0,,9.2,121.5,1024.4,74.3,9.9,,,,,2003-05-20T05:56:50,2003-05-20T20:16:05,0.65,Partially cloudy,Partly cloudy throughout the day.,partly-cloudy-day,72401013740
virginia,2003-05-21,69.2,56.9,62,69.2,56.9,62,57.9,86.8,0.874,100,41.67,rain,0,0,,13.9,341.5,1020.1,96.7,6.7,,,,,2003-05-21T05:56:08,2003-05-21T20:16:54,0.68,"Rain, Overcast",Cloudy skies throughout the day with rain.,rain,72401013740
virginia,2003-05-22,60.2,55.1,57.3,60.2,55.1,57.3,56.9,98.8,0.131,100,33.33,rain,0,0,,10.3,33.3,1021.5,100,3.2,,,,,2003-05-22T05:55:28,2003-05-22T20:17:42,0.75,"Rain, Overcast",Cloudy skies throughout the day with rain.,rain,72401013740
virginia,2003-05-23,59.1,56.9,57.8,59.1,56.9,57.8,57.8,100,0.355,100,54.17,rain,0,0,,10.3,55.5,1019.1,100,4.2,,,,,2003-05-23T05:54:49,2003-05-23T20:18:30,0.75,"Rain, Overcast",Cloudy skies throughout the day with a chance of rain throughout the day.,rain,72401013740
virginia,2003-05-24,66.8,57.3,61,66.8,57.3,61,58.8,93,0.055,100,12.5,rain,0,0,,8.1,13,1014.4,89.1,6.6,,,,,2003-05-24T05:54:12,2003-05-24T20:19:17,0.78,"Rain, Partially cloudy",Partly cloudy throughout the day with rain clearing later.,rain,72401013740
virginia,2003-05-25,71,57.3,64.9,71,57.3,64.9,63,94.1,0.731,100,29.17,rain,0,0,,12.8,122.7,1014.4,92.2,5.7,,,,,2003-05-25T05:53:37,2003-05-25T20:20:03,0.82,"Rain, Overcast",Cloudy skies throughout the day with a chance of rain throughout the day.,rain,72401013740
virginia,2003-05-26,75.3,61.1,66.4,75.3,61.1,66.4,61.8,86.3,2.712,100,29.17,rain,0,0,,12.8,17.8,1012.3,87.9,7.6,,,,,2003-05-26T05:53:03,2003-05-26T20:20:49,0.85,"Rain, Partially cloudy",Partly cloudy throughout the day with rain clearing later.,rain,72401013740
virginia,2003-05-27,64.1,57.3,60.8,64.1,57.3,60.8,59.1,94.6,0.194,100,20.83,rain,0,0,,12.8,63.7,1016,96.7,8.4,,,,,2003-05-27T05:52:31,2003-05-27T20:21:33,0.88,"Rain, Overcast",Cloudy skies throughout the day with rain.,rain,72401013740
virginia,2003-05-28,70.1,53.7,62,70.1,53.7,62,55.8,82.2,0,0,0,,0,0,,12.8,249.2,1011.4,85.8,7.6,,,,,2003-05-28T05:52:01,2003-05-28T20:22:17,0.92,Partially cloudy,Partly cloudy throughout the day.,partly-cloudy-day,72401013740
virginia,2003-05-29,65.9,55.1,60.4,65.9,55.1,60.4,58.7,94.2,0.249,100,33.33,rain,0,0,,11.6,285.7,1005.5,87.9,7.4,,,,,2003-05-29T05:51:32,2003-05-29T20:23:00,0.95,"Rain, Partially cloudy",Partly cloudy throughout the day with rain.,rain,72401013740
virginia,2003-05-30,79.1,55.1,70.6,79.1,55.1,70.6,57.1,65.5,0,0,0,,0,0,,15,258.2,1005.1,51.8,8.8,,,,,2003-05-30T05:51:06,2003-05-30T20:23:42,0.98,Partially cloudy,Partly cloudy throughout the day.,partly-cloudy-day,72401013740
virginia,2003-05-31,73.5,60.2,64.7,73.5,60.2,64.7,60.3,86,0.765,100,25,rain,0,0,,20.8,197.5,1000.8,87.5,8.1,,,,,2003-05-31T05:50:41,2003-05-31T20:24:24,0,"Rain, Partially cloudy",Partly cloudy throughout the day with rain.,rain,72401013740
virginia,2003-06-01,71.9,56.9,65.5,71.9,56.9,65.5,50.3,58.7,0,0,0,,0,0,,28.9,308.1,1003.9,59.5,9.9,,,,,2003-06-01T05:50:17,2003-06-01T20:25:04,0.05,Partially cloudy,Partly cloudy throughout the day.,partly-cloudy-day,72401013740
virginia,2003-06-02,71.9,53,62,71.9,53,62,43.9,54.3,0,0,0,,0,0,,12.8,355.1,1015.9,24.1,9.9,,,,,2003-06-02T05:49:56,2003-06-02T20:25:43,0.09,Partially cloudy,Partly cloudy throughout the day.,partly-cloudy-day,72401013740
virginia,2003-06-03,71.9,53.7,63.5,71.9,53.7,63.5,58.1,83.2,0.048,100,16.67,rain,0,0,,13.9,145.4,1015.1,97.5,9.8,,,,,2003-06-03T05:49:36,2003-06-03T20:26:21,0.12,"Rain, Overcast",Cloudy skies throughout the day with rain.,rain,72401013740
virginia,2003-06-04,78.9,65,69.9,78.9,65,69.9,67.6,92.9,0.153,100,20.83,rain,0,0,,13.9,179.9,1009.2,98.6,5,,,,,2003-06-04T05:49:18,2003-06-04T20:26:59,0.16,"Rain, Overcast",Cloudy skies throughout the day with a chance of rain throughout the day.,rain,72401013740
virginia,2003-06-05,77.1,60.2,68.3,77.1,60.2,68.3,57.3,71.4,0.161,100,8.33,rain,0,0,,13.9,282.9,1012,65.2,8.9,,,,,2003-06-05T05:49:02,2003-06-05T20:27:35,0.19,"Rain, Partially cloudy",Partly cloudy throughout the day with early morning rain.,rain,72401013740
virginia,2003-06-06,80,59.1,69.5,80,59.1,69.5,55.4,62.8,0,0,0,,0,0,,11.6,234.9,1016.2,53.9,9.6,,,,,2003-06-06T05:48:48,2003-06-06T20:28:10,0.23,Partially cloudy,Partly cloudy throughout the day.,partly-cloudy-day,72401013740
virginia,2003-06-07,75.3,65.9,70.1,75.3,65.9,70.1,68.4,94.2,1.465,100,54.17,rain,0,0,,13.9,178.1,1011.4,100,5.2,,,,,2003-06-07T05:48:35,2003-06-07T20:28:43,0.25,"Rain, Overcast",Cloudy skies throughout the day with rain.,rain,72401013740
virginia,2003-06-08,71.9,62.9,67,71.9,62.9,67,64.9,93.4,0,0,0,,0,0,,11.6,60.3,1011,100,5.6,,,,,2003-06-08T05:48:25,2003-06-08T20:29:16,0.3,Overcast,Cloudy skies throughout the day.,cloudy,72401013740
virginia,2003-06-09,82.1,64.1,72.7,81.5,64.1,72.7,62,73,0.39,100,12.5,rain,0,0,,11.6,251.9,1012.2,54.3,8.5,,,,,2003-06-09T05:48:16,2003-06-09T20:29:47,0.33,"Rain, Partially cloudy",Partly cloudy throughout the day with rain clearing later.,rain,72401013740
virginia,2003-06-10,83,60.2,73,84.5,60.2,73.3,62.8,72.9,0,0,0,,0,0,,12.8,122.6,1016.8,35.4,9.9,,,,,2003-06-10T05:48:09,2003-06-10T20:30:17,0.37,Partially cloudy,Becoming cloudy in the afternoon.,partly-cloudy-day,72401013740
virginia,2003-06-11,88.1,66.8,77.3,93.3,66.8,79.2,68.7,77.1,0.11,100,8.33,rain,0,0,,28.9,213.5,1014.4,87.4,7.9,,,,,2003-06-11T05:48:03,2003-06-11T20:30:46,0.4,"Rain, Partially cloudy",Partly cloudy throughout the day with late afternoon rain.,rain,72401013740
virginia,2003-06-12,87.2,69.2,74.6,96.6,69.2,76,71.3,90.3,0.272,100,20.83,rain,0,0,,13.9,199.7,1013.7,90,6.2,,,,,2003-06-12T05:47:59,2003-06-12T20:31:13,0.44,"Rain, Partially cloudy",Partly cloudy throughout the day with rain.,rain,72401013740
virginia,2003-06-13,86.1,71,78.5,92.3,71,80.9,71.7,81.1,0,0,0,,0,0,,17.2,214.3,1012.5,90.4,7.9,,,,,2003-06-13T05:47:58,2003-06-13T20:31:39,0.47,Overcast,Cloudy skies throughout the day.,cloudy,72401013740
virginia,2003-06-14,87.2,71.7,79.3,94.8,71.7,82,71.6,78.2,0,0,0,,0,0,,12.8,220.8,1013.1,95,9.9,,,,,2003-06-14T05:47:57,2003-06-14T20:32:03,0.5,Overcast,Cloudy skies throughout the day.,cloudy,72401013740
virginia,2003-06-15,83,70.1,74.9,88.2,70.1,75.5,70.2,85.9,0.02,100,4.17,rain,0,0,,12.8,30.7,1014.8,96.3,8.4,,,,,2003-06-15T05:47:59,2003-06-15T20:32:26,0.54,"Rain, Overcast",Cloudy skies throughout the day with late afternoon rain.,rain,72401013740
virginia,2003-06-16,75.8,66.8,71.5,75.8,66.8,71.5,66.6,85.3,0.02,100,4.17,rain,0,0,,11.6,82,1019.8,99.6,7,,,,,2003-06-16T05:48:02,2003-06-16T20:32:47,0.57,"Rain, Overcast",Cloudy skies throughout the day with afternoon rain.,rain,72401013740
virginia,2003-06-17,66.8,62,64.1,66.8,62,64.1,62.2,93.5,0.185,100,41.67,rain,0,0,,11.6,85.1,1021.6,100,6.2,,,,,2003-06-17T05:48:07,2003-06-17T20:33:07,0.6,"Rain, Overcast",Cloudy skies throughout the day with rain.,rain,72401013740
virginia,2003-06-18,78.2,62.7,72.6,78.2,62.7,72.6,68.1,86.2,0.031,100,4.17,rain,0,0,,10.3,215.3,1013.5,99.4,6.7,,,,,2003-06-18T05:48:14,2003-06-18T20:33:25,0.64,"Rain, Overcast",Cloudy skies throughout the day with morning rain.,rain,72401013740
virginia,2003-06-19,80.9,70.1,74.5,83.2,70.1,74.6,70,87.1,0.936,100,41.67,rain,0,0,,11.6,14.2,1009,97.5,5.5,,,,,2003-06-19T05:48:22,2003-06-19T20:33:42,0.67,"Rain, Overcast",Cloudy skies throughout the day with a chance of rain throughout the day.,rain,72401013740
virginia,2003-06-20,74,65,69.1,74,65,69.1,63.9,84.4,0.091,100,8.33,rain,0,0,,15,3.6,1010.5,69.6,7,,,,,2003-06-20T05:48:32,2003-06-20T20:33:57,0.7,"Rain, Partially cloudy",Partly cloudy throughout the day with afternoon rain.,rain,72401013740
virginia,2003-06-21,73.1,56.9,65.7,73.1,56.9,65.7,55.4,71.3,0,0,0,,0,0,,16.1,321.7,1011.7,60.9,9.9,,,,,2003-06-21T05:48:44,2003-06-21T20:34:11,0.75,Partially cloudy,Partly cloudy throughout the day.,partly-cloudy-day,72401013740
virginia,2003-06-22,80,59.1,68.4,80,59.1,68.4,56.9,68.9,0,0,0,,0,0,,17.2,328.5,1011.5,59,9.9,,,,,2003-06-22T05:48:57,2003-06-22T20:34:23,0.77,Partially cloudy,Partly cloudy throughout the day.,partly-cloudy-day,72401013740
virginia,2003-06-23,88.1,65.9,76.5,86.5,65.9,76.1,57.2,53.4,0,0,0,,0,0,,13.9,323,1012.7,25.9,9.9,,,,,2003-06-23T05:49:12,2003-06-23T20:34:33,0.8,Partially cloudy,Partly cloudy throughout the day.,partly-cloudy-day,72401013740
virginia,2003-06-24,91.1,65.9,78.6,93.3,65.9,79.4,63.5,62.4,0,0,0,,0,0,,11.6,5,1017,0,9.9,,,,,2003-06-24T05:49:28,2003-06-24T20:34:41,0.83,Clear,Clear conditions throughout the day.,clear-day,72401013740
virginia,2003-06-25,92.9,65.9,80.6,94.1,65.9,81.4,65,63.4,0,0,0,,0,0,,10.3,292.4,1017.7,5.2,8.1,,,,,2003-06-25T05:49:46,2003-06-25T20:34:48,0.87,Clear,Clear conditions throughout the day.,clear-day,72401013740
virginia,2003-06-26,93.8,73.1,83.1,99.4,73.1,85.7,68.8,63.5,0,0,0,,0,0,,10.3,249.9,1013.9,7.1,6.5,,,,,2003-06-26T05:50:05,2003-06-26T20:34:53,0.9,Clear,Clear conditions throughout the day.,clear-day,72401013740
virginia,2003-06-27,93.3,71,81.6,99.4,71,83.3,68.1,65.6,0,0,0,,0,0,,15,285.9,1012.3,35,5.9,,,,,2003-06-27T05:50:26,2003-06-27T20:34:56,0.93,Partially cloudy,Partly cloudy throughout the day.,partly-cloudy-day,72401013740
virginia,2003-06-28,82.1,66.8,73,83.6,66.8,73.1,62.7,71.5,0.055,100,12.5,rain,0,0,,15,40.8,1018.5,92.9,9.8,,,,,2003-06-28T05:50:49,2003-06-28T20:34:58,0.96,"Rain, Overcast",Cloudy skies throughout the day with rain.,rain,72401013740
virginia,2003-06-29,87.2,62.9,76.6,92.2,62.9,78.2,66.7,73,0,0,0,,0,0,,9.2,199.1,1020.9,41.7,8.5,,,,,2003-06-29T05:51:12,2003-06-29T20:34:57,0,Partially cloudy,Partly cloudy throughout the day.,partly-cloudy-day,72401013740
virginia,2003-06-30,92,71,79.8,98,71,81.6,70.3,75.3,0,0,0,,0,0,,15,194,1020.5,70.8,7.5,,,,,2003-06-30T05:51:37,2003-06-30T20:34:55,0.03,Partially cloudy,Partly cloudy throughout the day.,partly-cloudy-day,72401013740
virginia,2003-07-01,82.1,70.1,76,85.1,70.1,76.5,67.7,76.2,0,0,0,,0,0,,13.9,66.2,1019.6,99.6,9.1,,,,,2003-07-01T05:52:04,2003-07-01T20:34:51,0.07,Overcast,Cloudy skies throughout the day.,cloudy,72401013740
virginia,2003-07-02,73.1,66.8,69.3,73.1,66.8,69.3,68.3,96.7,0.988,100,58.33,rain,0,0,,13.9,115.7,1014.6,100,5,,,,,2003-07-02T05:52:31,2003-07-02T20:34:46,0.1,"Rain, Overcast",Cloudy skies throughout the day with rain.,rain,72401013740
virginia,2003-07-03,75.8,71,72.3,75.8,71,72.3,70.5,94.2,0.024,100,8.33,rain,0,0,,10.3,204.7,1009.6,98.8,7.1,,,,,2003-07-03T05:53:00,2003-07-03T20:34:38,0.14,"Rain, Overcast",Cloudy skies throughout the day with rain.,rain,72401013740
virginia,2003-07-04,91.1,65.9,79.2,98.6,65.9,81.7,69.7,75.7,0,0,0,,0,0,,11.6,231.3,1014.4,40.4,8.1,,,,,2003-07-04T05:53:30,2003-07-04T20:34:29,0.17,Partially cloudy,Clearing in the afternoon.,partly-cloudy-day,72401013740
virginia,2003-07-05,92.9,73.1,84,100.8,73.1,88.8,72,68.7,0,0,0,,0,0,,18.3,230.1,1014.7,15,7.2,,,,,2003-07-05T05:54:02,2003-07-05T20:34:18,0.21,Clear,Clear conditions throughout the day.,clear-day,72401013740
virginia,2003-07-06,92,74.9,82.3,102.1,74.9,86.2,72.3,72.7,0.063,100,8.33,rain,0,0,,15,230.7,1015.1,40.4,6.8,,,,,2003-07-06T05:54:34,2003-07-06T20:34:05,0.25,"Rain, Partially cloudy",Partly cloudy throughout the day with late afternoon rain.,rain,72401013740
virginia,2003-07-07,92,71.9,81.2,101,71.9,85.1,72.6,77.1,0,0,0,,0,0,,16.1,227.7,1015.6,66.7,9.1,,,,,2003-07-07T05:55:08,2003-07-07T20:33:50,0.28,Partially cloudy,Partly cloudy throughout the day.,partly-cloudy-day,72401013740
virginia,2003-07-08,91.1,73.5,81.4,99.3,73.5,85,72.5,75.6,0.082,100,8.33,rain,0,0,,12.8,263.6,1016.1,65,9.4,,,,,2003-07-08T05:55:43,2003-07-08T20:33:33,0.32,"Rain, Partially cloudy",Partly cloudy throughout the day with rain.,rain,72401013740
virginia,2003-07-09,93.8,71,81.2,106.7,71,85.4,74.6,82.8,0.421,100,16.67,rain,0,0,,13.9,237.3,1014.2,70,7.9,,,,,2003-07-09T05:56:18,2003-07-09T20:33:15,0.35,"Rain, Partially cloudy",Partly cloudy throughout the day with late afternoon rain.,rain,72401013740
virginia,2003-07-10,89,68.1,78.3,100.2,68.1,81.9,72.5,83.7,0,0,0,,0,0,,13.9,193.1,1012.6,60.8,9.7,,,,,2003-07-10T05:56:55,2003-07-10T20:32:55,0.39,Partially cloudy,Partly cloudy throughout the day.,partly-cloudy-day,72401013740
virginia,2003-07-11,89,74,81.2,96.9,74,84.2,71.9,74.8,0,0,0,,0,0,,19.7,231,1010.2,84.6,9.9,,,,,2003-07-11T05:57:33,2003-07-11T20:32:32,0.42,Partially cloudy,Partly cloudy throughout the day.,partly-cloudy-day,72401013740
virginia,2003-07-12,88.1,66.8,78.1,88.9,66.8,78.5,66.5,70.8,0,0,0,,0,0,,13.9,217.2,1015.1,46.3,9.3,,,,,2003-07-12T05:58:12,2003-07-12T20:32:09,0.46,Partially cloudy,Partly cloudy throughout the day.,partly-cloudy-day,72401013740
virginia,2003-07-13,83,66.8,75.4,85.2,66.8,75.9,66.4,74.9,0.051,100,8.33,rain,0,0,,11.6,60.3,1018.9,92.1,9.7,,,,,2003-07-13T05:58:51,2003-07-13T20:31:43,0.5,"Rain, Overcast",Cloudy skies throughout the day with rain.,rain,72401013740
virginia,2003-07-14,82.1,65,72.9,84.3,65,73.1,67.5,84.7,0.106,100,20.83,rain,0,0,,8.1,64.7,1020.9,91.3,9.3,,,,,2003-07-14T05:59:32,2003-07-14T20:31:15,0.53,"Rain, Overcast",Cloudy skies throughout the day with rain clearing later.,rain,72401013740
virginia,2003-07-15,86.1,65.9,76.3,89.6,65.9,77.6,69.1,80.6,0,0,0,,0,0,,9.2,153.9,1019.5,35.8,8.5,,,,,2003-07-15T06:00:13,2003-07-15T20:30:46,0.56,Partially cloudy,Partly cloudy throughout the day.,partly-cloudy-day,72401013740
virginia,2003-07-16,91.1,71.9,80.7,101.4,71.9,85,74,82.4,0.012,100,4.17,rain,0,0,,15,213.3,1015.7,61.7,7.8,,,,,2003-07-16T06:00:55,2003-07-16T20:30:15,0.59,"Rain, Partially cloudy",Partly cloudy throughout the day with afternoon rain.,rain,72401013740
virginia,2003-07-17,88.1,73.1,79.7,90,73.1,80.6,67.4,67.6,0,0,0,,0,0,,12.8,6.8,1018.7,50,9.6,,,,,2003-07-17T06:01:38,2003-07-17T20:29:42,0.62,Partially cloudy,Clearing in the afternoon.,partly-cloudy-day,72401013740
virginia,2003-07-18,91.1,68.1,78.3,97.7,68.1,80.8,70.1,78.6,0.02,100,4.17,rain,0,0,,15,188.6,1016.8,42.9,7.3,,,,,2003-07-18T06:02:21,2003-07-18T20:29:08,0.66,"Rain, Partially cloudy",Partly cloudy throughout the day with late afternoon rain.,rain,72401013740
virginia,2003-07-19,83,68.1,74.7,86.1,68.1,75.5,69.6,85.4,0.752,100,8.33,rain,0,0,,18.3,31.4,1015.2,74.8,6.2,,,,,2003-07-19T06:03:05,2003-07-19T20:28:31,0.69,"Rain, Partially cloudy",Partly cloudy throughout the day with early morning rain.,rain,72401013740
virginia,2003-07-20,86.1,69.2,75.3,91.6,69.2,76.5,71.3,88.6,1.382,100,8.33,rain,0,0,,18.3,137.5,1016.2,60,3.7,,,,,2003-07-20T06:03:50,2003-07-20T20:27:53,0.72,"Rain, Partially cloudy",Partly cloudy throughout the day with rain.,rain,72401013740
virginia,2003-07-21,89.9,71,80.2,100.5,71,84.6,73.8,82.6,0,0,0,,0,0,,18.3,194.1,1012.4,30.4,4.9,,,,,2003-07-21T06:04:36,2003-07-21T20:27:14,0.75,Partially cloudy,Partly cloudy throughout the day.,partly-cloudy-day,72401013740
virginia,2003-07-22,89.7,70.1,78.9,100.5,70.1,81.5,74.1,86.3,2.031,100,33.33,rain,0,0,,16.1,212,1009.6,64.6,6.3,,,,,2003-07-22T06:05:21,2003-07-22T20:26:32,0.79,"Rain, Partially cloudy",Partly cloudy throughout the day with rain.,rain,72401013740
virginia,2003-07-23,77.1,70.1,73.3,77.1,70.1,73.3,71.6,94.8,0.374,100,29.17,rain,0,0,,13.9,196.4,1011.7,98.3,8.3,,,,,2003-07-23T06:06:08,2003-07-23T20:25:49,0.82,"Rain, Overcast",Cloudy skies throughout the day with rain.,rain,72401013740
virginia,2003-07-24,82.1,65,73.3,83.9,65,73.7,67.2,83.2,0.071,100,4.17,rain,0,0,,11.6,224.7,1016.9,81.3,8.7,,,,,2003-07-24T06:06:55,2003-07-24T20:25:05,0.85,"Rain, Partially cloudy",Partly cloudy throughout the day with early morning rain.,rain,72401013740
virginia,2003-07-25,84.3,65,75.2,86.6,65,76.1,67.4,78.9,0,0,0,,0,0,,8.1,112.9,1023.7,43.2,9,,,,,2003-07-25T06:07:42,2003-07-25T20:24:18,0.88,Partially cloudy,Partly cloudy throughout the day.,partly-cloudy-day,72401013740
virginia,2003-07-26,87.2,65.9,77.1,91.5,65.9,78.8,69.6,79.9,0,0,0,,0,0,,10.3,206,1024.9,20,8.1,,,,,2003-07-26T06:08:30,2003-07-26T20:23:31,0.92,Clear,Partly cloudy throughout the day.,clear-day,72401013740
virginia,2003-07-27,91.5,71.9,81.7,100.9,71.9,86.4,73.4,78.2,0,0,0,,0,0,,16.1,220,1018.3,42.5,9.3,,,,,2003-07-27T06:09:18,2003-07-27T20:22:41,0.95,Partially cloudy,Partly cloudy throughout the day.,partly-cloudy-day,72401013740
virginia,2003-07-28,91.5,71.9,82.1,103.1,71.9,86.6,74,77.9,0.657,100,8.33,rain,0,0,,24.2,237,1012,70,8.6,,,,,2003-07-28T06:10:07,2003-07-28T20:21:50,0.98,"Rain, Partially cloudy",Partly cloudy throughout the day with late afternoon rain.,rain,72401013740
virginia,2003-07-29,77.1,70.1,72.9,77.1,70.1,72.9,70.8,93.7,0.145,100,20.83,rain,0,0,,11.6,55.1,1014.1,98.3,7.5,,,,,2003-07-29T06:10:56,2003-07-29T20:20:58,0,"Rain, Overcast",Cloudy skies throughout the day with rain.,rain,72401013740
virginia,2003-07-30,70.1,65.9,68,70.1,65.9,68,67.8,99.5,2.108,100,54.17,rain,0,0,,11.6,31.2,1019.1,100,6.7,,,,,2003-07-30T06:11:45,2003-07-30T20:20:04,0.05,"Rain, Overcast",Cloudy skies throughout the day with a chance of rain throughout the day.,rain,72401013740
virginia,2003-07-31,80,68.1,73.9,80,68.1,73.9,70.8,90.6,0,0,0,,0,0,,6.9,87.5,1019.7,93.8,6.6,,,,,2003-07-31T06:12:35,2003-07-31T20:19:08,0.09,Overcast,Cloudy skies throughout the day.,cloudy,72401013740
virginia,2003-08-01,83.9,73.1,75.8,92.6,73.1,76.7,73.9,94.2,0.362,100,29.17,rain,0,0,,12.8,177.3,1017.4,89.6,4.8,,,,,2003-08-01T06:13:24,2003-08-01T20:18:11,0.12,"Rain, Partially cloudy",Partly cloudy throughout the day with rain.,rain,72401013740
virginia,2003-08-02,83,71.9,76.6,91.1,71.9,78.3,73.7,91.3,0.082,100,12.5,rain,0,0,,15,192.4,1017.8,97.1,6.4,,,,,2003-08-02T06:14:14,2003-08-02T20:17:13,0.16,"Rain, Overcast",Cloudy skies throughout the day with rain.,rain,72401013740
virginia,2003-08-03,84.3,71.9,76.9,91.1,71.9,77.8,73.5,89.9,0,0,0,,0,0,,20.8,178.8,1017.7,83.5,7.9,,,,,2003-08-03T06:15:04,2003-08-03T20:16:13,0.19,Partially cloudy,Partly cloudy throughout the day.,partly-cloudy-day,72401013740
virginia,2003-08-04,86.1,71.7,77.1,94.2,71.7,78.9,73,88.1,0,0,0,,0,0,,12.8,193.1,1014.8,75.8,9.5,,,,,2003-08-04T06:15:55,2003-08-04T20:15:12,0.23,Partially cloudy,Partly cloudy throughout the day.,partly-cloudy-day,72401013740
virginia,2003-08-05,84.3,69.9,76.7,88.6,69.9,77.7,71,83.9,0.8,100,8.33,rain,0,0,,12.8,195.8,1011.9,76.7,9.1,,,,,2003-08-05T06:16:45,2003-08-05T20:14:10,0.25,"Rain, Partially cloudy",Partly cloudy throughout the day with rain.,rain,72401013740
virginia,2003-08-06,83.9,66.8,75.3,88.8,66.8,76.7,69.7,84.1,0.012,100,4.17,rain,0,0,,8.1,172.6,1011.8,63.3,8.4,,,,,2003-08-06T06:17:36,2003-08-06T20:13:06,0.3,"Rain, Partially cloudy",Partly cloudy throughout the day with early morning rain.,rain,72401013740
virginia,2003-08-07,80.9,71.7,74.6,85.1,71.7,74.8,72.5,93.7,0.543,100,20.83,rain,0,0,,9.2,48.1,1010.9,92.5,6.3,,,,,2003-08-07T06:18:27,2003-08-07T20:12:01,0.34,"Rain, Overcast",Cloudy skies throughout the day with rain.,rain,72401013740
virginia,2003-08-08,82.5,68.1,75.2,88.8,68.1,76.2,72.2,91.2,0.02,100,4.17,rain,0,0,,17.2,149.6,1012.6,73.3,6.7,,,,,2003-08-08T06:19:18,2003-08-08T20:10:55,0.37,"Rain, Partially cloudy",Partly cloudy throughout the day with late afternoon rain.,rain,72401013740
virginia,2003-08-09,79.1,71.7,74.4,79.1,71.7,74.4,73.5,97.1,0.244,100,16.67,rain,0,0,,10.3,151.3,1014.1,97.9,7.3,,,,,2003-08-09T06:20:09,2003-08-09T20:09:47,0.41,"Rain, Overcast",Cloudy skies throughout the day with rain.,rain,72401013740
virginia,2003-08-10,80.9,71,75.5,86.1,71,75.9,73.1,92.5,0.957,100,4.17,rain,0,0,,15,173.7,1015.1,98.3,7.7,,,,,2003-08-10T06:21:00,2003-08-10T20:08:38,0.44,"Rain, Overcast",Cloudy skies throughout the day with morning rain.,rain,72401013740
virginia,2003-08-11,83.9,69.2,75.7,91,69.2,77.2,72.3,90.1,0,0,0,,0,0,,8.1,184.1,1014.2,86.8,9.1,,,,,2003-08-11T06:21:51,2003-08-11T20:07:28,0.48,Partially cloudy,Partly cloudy throughout the day.,partly-cloudy-day,72401013740
virginia,2003-08-12,88.1,71.9,78.7,97.8,71.9,81.4,73.6,85.7,0,0,0,,0,0,,13.9,163,1019,83,6.1,,,,,2003-08-12T06:22:42,2003-08-12T20:06:17,0.5,Partially cloudy,Partly cloudy throughout the day.,partly-cloudy-day,72401013740
virginia,2003-08-13,87.2,71.9,77.5,95.7,71.9,79.2,74.5,91.6,0.091,100,8.33,rain,0,0,,10.3,174.8,1025.2,93.3,5.9,,,,,2003-08-13T06:23:33,2003-08-13T20:05:05,0.55,"Rain, Overcast",Cloudy skies throughout the day with late afternoon rain.,rain,72401013740
virginia,2003-08-14,89.9,74,81.5,101.4,74,86.6,75.5,83.9,0,0,0,,0,0,,5.8,56.2,1026.3,45.2,6.5,,,,,2003-08-14T06:24:24,2003-08-14T20:03:52,0.58,Partially cloudy,Partly cloudy throughout the day.,partly-cloudy-day,72401013740
virginia,2003-08-15,91.5,74.9,83,100.9,74.9,88.4,75.2,79,0,0,0,,0,0,,10.3,317.5,1021.7,20.9,3.7,,,,,2003-08-15T06:25:15,2003-08-15T20:02:37,0.61,Partially cloudy,Becoming cloudy in the afternoon.,partly-cloudy-day,72401013740
virginia,2003-08-16,86.1,71.7,78.6,95.4,71.7,81.6,75.3,90.4,0.642,100,16.67,rain,0,0,,13.9,218.9,1013.8,83.3,3.7,,,,,2003-08-16T06:26:06,2003-08-16T20:01:22,0.64,"Rain, Partially cloudy",Partly cloudy throughout the day with rain.,rain,72401013740
virginia,2003-08-17,86.1,73.1,77.4,94.2,73.1,78.8,73.8,89.4,0,0,0,,0,0,,13.9,29.4,1011.5,77.1,5.6,,,,,2003-08-17T06:26:57,2003-08-17T20:00:06,0.68,Partially cloudy,Partly cloudy throughout the day.,partly-cloudy-day,72401013740
virginia,2003-08-18,82.5,71,74.8,88.5,71,75.3,71.9,91.3,0,0,0,,0,0,,13.9,58,1016.8,71.3,6.5,,,,,2003-08-18T06:27:48,2003-08-18T19:58:48,0.71,Partially cloudy,Partly cloudy throughout the day.,partly-cloudy-day,72401013740
virginia,2003-08-19,83,68.1,75.3,87.7,68.1,76.3,70.7,86.5,0,0,0,,0,0,,11.6,98.4,1021.5,49.6,8,,,,,2003-08-19T06:28:39,2003-08-19T19:57:30,0.75,Partially cloudy,Partly cloudy throughout the day.,partly-cloudy-day,72401013740
virginia,2003-08-20,86.1,65.9,75.8,92.3,65.9,77.7,70.6,85.6,0,0,0,,0,0,,9.2,152.5,1022.1,25,8,,,,,2003-08-20T06:29:30,2003-08-20T19:56:11,0.77,Partially cloudy,Partly cloudy throughout the day.,partly-cloudy-day,72401013740
virginia,2003-08-21,89.9,71,79,98.4,71,82.3,73.2,84.4,0,0,0,,0,0,,12.8,197.8,1019,42.1,6.5,,,,,2003-08-21T06:30:21,2003-08-21T19:54:51,0.8,Partially cloudy,Partly cloudy throughout the day.,partly-cloudy-day,72401013740
virginia,2003-08-22,92,71.9,81.3,108.1,71.9,88.3,76,85.3,0,0,0,,0,0,,10.3,204.2,1013.6,36.7,4.9,,,,,2003-08-22T06:31:12,2003-08-22T19:53:30,0.84,Partially cloudy,Partly cloudy throughout the day.,partly-cloudy-day,72401013740
virginia,2003-08-23,83,68.1,77.6,88.4,68.1,78.6,70.3,80.2,0.382,100,8.33,rain,0,0,,17.2,356.4,1014.5,58.3,7,,,,,2003-08-23T06:32:03,2003-08-23T19:52:08,0.87,"Rain, Partially cloudy",Partly cloudy throughout the day with early morning rain.,rain,72401013740
virginia,2003-08-24,80,64.1,70.8,80,64.1,70.8,59.4,70.8,0,0,0,,0,0,,9.2,25.1,1019.4,25.2,9.9,,,,,2003-08-24T06:32:53,2003-08-24T19:50:46,0.9,Partially cloudy,Partly cloudy throughout the day.,partly-cloudy-day,72401013740
virginia,2003-08-25,88.1,62,75.1,96.1,62,77.5,67.6,79.4,0,0,0,,0,0,,16.1,225.3,1017.8,17.5,9.5,,,,,2003-08-25T06:33:44,2003-08-25T19:49:23,0.93,Clear,Clear conditions throughout the day.,clear-day,72401013740
virginia,2003-08-26,89.9,69.2,80.2,101.4,69.2,85.2,74.1,83.7,0,0,0,,0,0,,13.9,201.8,1015.3,14.6,4.8,,,,,2003-08-26T06:34:35,2003-08-26T19:47:59,0.97,Clear,Clear conditions throughout the day.,clear-day,72401013740
virginia,2003-08-27,93.8,73.1,84.3,105.5,73.1,90.2,74.6,74.7,0,0,0,,0,0,,16.1,251,1014.4,40.4,6.9,,,,,2003-08-27T06:35:25,2003-08-27T19:46:34,0,Partially cloudy,Partly cloudy throughout the day.,partly-cloudy-day,72401013740
virginia,2003-08-28,91.5,71,79.4,108.1,71,84,74.3,85.8,0.382,100,8.33,rain,0,0,,11.6,105,1018.5,64.2,7.4,,,,,2003-08-28T06:36:15,2003-08-28T19:45:08,0.03,"Rain, Partially cloudy",Partly cloudy throughout the day with rain.,rain,72401013740
virginia,2003-08-29,92,71.9,82.5,111.2,71.9,91.6,77.3,85.4,0,0,0,,0,0,,13.9,200.4,1018.9,65.5,6.8,,,,,2003-08-29T06:37:06,2003-08-29T19:43:42,0.07,Partially cloudy,Partly cloudy throughout the day.,partly-cloudy-day,72401013740
virginia,2003-08-30,92.9,74,83,106.1,74,88.7,75.4,79.1,0,0,0,,0,0,,15,225.3,1019.5,74.1,9.3,,,,,2003-08-30T06:37:56,2003-08-30T19:42:16,0.11,Partially cloudy,Partly cloudy throughout the day.,partly-cloudy-day,72401013740
virginia,2003-08-31,74.9,69.9,72.6,74.9,69.9,72.6,72.1,98.4,0.04,100,8.33,rain,0,0,,10.3,63.5,1024.1,99.6,6.3,,,,,2003-08-31T06:38:46,2003-08-31T19:40:49,0.14,"Rain, Overcast",Cloudy skies throughout the day with late afternoon rain.,rain,72401013740
virginia,2003-09-01,88.1,71,78.1,102.7,71,81.7,74.4,89.5,0,0,0,,0,0,,17.2,206.7,1022,75.8,8.5,,,,,2003-09-01T06:39:37,2003-09-01T19:39:21,0.18,Partially cloudy,Partly cloudy throughout the day.,partly-cloudy-day,72401013740
virginia,2003-09-02,89.7,73.1,80.1,98.4,73.1,83.4,73.7,82.5,0,0,0,,0,0,,16.1,213.9,1019,81.3,9.2,,,,,2003-09-02T06:40:27,2003-09-02T19:37:52,0.21,Partially cloudy,Partly cloudy throughout the day.,partly-cloudy-day,72401013740
virginia,2003-09-03,86.1,71.7,74.9,97.4,71.7,76.1,73.8,96.8,0.231,100,25,rain,0,0,,8.1,160.5,1017.1,94.6,8.1,,,,,2003-09-03T06:41:17,2003-09-03T19:36:24,0.25,"Rain, Overcast",Cloudy skies throughout the day with rain.,rain,72401013740
virginia,2003-09-04,78.9,68.1,72.9,78.9,68.1,72.9,72.9,99.9,2.508,100,54.17,rain,0,0,,16.1,213.6,1012.3,96.7,8,,,,,2003-09-04T06:42:07,2003-09-04T19:34:54,0.28,"Rain, Overcast",Cloudy skies throughout the day with a chance of rain throughout the day.,rain,72401013740
virginia,2003-09-05,77.1,62,69.5,77.1,62,69.5,61.4,77.8,0,0,0,,0,0,,17.2,356.6,1015.7,42.5,9.6,,,,,2003-09-05T06:42:57,2003-09-05T19:33:25,0.32,Partially cloudy,Partly cloudy throughout the day.,partly-cloudy-day,72401013740
virginia,2003-09-06,73.1,56.9,65.7,73.1,56.9,65.7,59.7,82.1,0,0,0,,0,0,,10.3,14.9,1019.3,79.2,9.9,,,,,2003-09-06T06:43:47,2003-09-06T19:31:54,0.36,Partially cloudy,Partly cloudy throughout the day.,partly-cloudy-day,72401013740
virginia,2003-09-07,79.1,57.8,68.1,79.1,57.8,68.1,62.2,83.4,0,0,0,,0,0,,6.9,37.9,1018,68.3,9,,,,,2003-09-07T06:44:37,2003-09-07T19:30:24,0.39,Partially cloudy,Partly cloudy throughout the day.,partly-cloudy-day,72401013740
virginia,2003-09-08,77.1,60.2,69.1,77.1,60.2,69.1,64.4,86.3,0.012,100,4.17,rain,0,0,,10.3,30.2,1017.3,82.1,9.4,,,,,2003-09-08T06:45:27,2003-09-08T19:28:53,0.43,"Rain, Partially cloudy",Partly cloudy throughout the day with morning rain.,rain,72401013740
virginia,2003-09-09,74.9,62.9,68.2,74.9,62.9,68.2,64.2,87.7,0,0,0,,0,0,,13.9,37.9,1020.9,63,8.8,,,,,2003-09-09T06:46:17,2003-09-09T19:27:22,0.46,Partially cloudy,Partly cloudy throughout the day.,partly-cloudy-day,72401013740
virginia,2003-09-10,73.1,59.1,65,73.1,59.1,65,58.1,80.4,0,0,0,,0,0,,16.1,22.8,1023.1,43.8,9.9,,,,,2003-09-10T06:47:07,2003-09-10T19:25:50,0.5,Partially cloudy,Partly cloudy throughout the day.,partly-cloudy-day,72401013740
virginia,2003-09-11,77.1,53.9,64.4,77.1,53.9,64.4,57.5,81.1,0,0,0,,0,0,,15,36.2,1021.8,50.9,9.8,,,,,2003-09-11T06:47:57,2003-09-11T19:24:18,0.53,Partially cloudy,Partly cloudy throughout the day.,partly-cloudy-day,72401013740
virginia,2003-09-12,68.1,62,64.7,68.1,62,64.7,64.4,99,1.952,100,45.83,rain,0,0,,19.7,20,1018.3,100,6.8,,,,,2003-09-12T06:48:46,2003-09-12T19:22:46,0.56,"Rain, Overcast",Cloudy skies throughout the day with rain.,rain,72401013740
virginia,2003-09-13,78.9,66.8,71.3,78.9,66.8,71.3,70.6,98,0.221,100,33.33,rain,0,0,,15,75,1016.7,99.6,5.1,,,,,2003-09-13T06:49:36,2003-09-13T19:21:14,0.6,"Rain, Overcast",Cloudy skies throughout the day with rain clearing later.,rain,72401013740
virginia,2003-09-14,77.1,68.1,71.7,77.1,68.1,71.7,70.2,95.3,0.012,100,4.17,rain,0,0,,8.1,156.1,1021.4,97.1,6.4,,,,,2003-09-14T06:50:26,2003-09-14T19:19:42,0.63,"Rain, Overcast",Cloudy skies throughout the day with early morning rain.,rain,72401013740
virginia,2003-09-15,83.9,65.9,73.9,89.4,65.9,74.9,69.6,87.6,0,0,0,,0,0,,11.6,355.5,1017.6,63.8,7.5,,,,,2003-09-15T06:51:16,2003-09-15T19:18:09,0.66,Partially cloudy,Partly cloudy throughout the day.,partly-cloudy-day,72401013740
virginia,2003-09-16,78.9,60.2,69.6,78.9,60.2,69.6,58.5,70.5,0,0,0,,0,0,,16.1,5,1020.4,23.8,9.9,,,,,2003-09-16T06:52:07,2003-09-16T19:16:36,0.69,Partially cloudy,Partly cloudy throughout the day.,partly-cloudy-day,72401013740
virginia,2003-09-17,78.9,56,67.4,78.9,56,67.4,58,74.8,0,0,0,,0,0,,16.1,31.7,1022,44.2,9.9,,,,,2003-09-17T06:52:57,2003-09-17T19:15:04,0.73,Partially cloudy,Becoming cloudy in the afternoon.,partly-cloudy-day,72401013740
virginia,2003-09-18,73.1,64.5,68,73.1,64.5,68,66.1,94.1,4.328,100,58.33,rain,0,0,,38,47.7,1006.8,99.6,5.1,,,,,2003-09-18T06:53:47,2003-09-18T19:13:31,0.75,"Rain, Overcast",Cloudy skies throughout the day with rain.,rain,72401013740
virginia,2003-09-19,82.1,66.3,73.2,84.3,66.3,73.6,65.3,78.4,0,0,0,,0,0,,33.3,194.7,1010.3,56.7,8.8,,,,,2003-09-19T06:54:37,2003-09-19T19:11:58,0.79,Partially cloudy,Partly cloudy throughout the day.,wind,72401013740
virginia,2003-09-20,84.3,61.1,72.2,86.6,61.1,72.9,65.5,82.4,0,0,0,,0,0,,6.9,96,1020.3,12.6,7.4,,,,,2003-09-20T06:55:28,2003-09-20T19:10:25,0.82,Clear,Clear conditions throughout the day.,clear-day,72401013740
virginia,2003-09-21,82.1,62.9,71.6,85.6,62.9,72.3,67.2,87.8,0,0,0,,0,0,,8.1,104.7,1023,31.3,6.1,,,,,2003-09-21T06:56:18,2003-09-21T19:08:52,0.86,Partially cloudy,Partly cloudy throughout the day.,partly-cloudy-day,72401013740
virginia,2003-09-22,79.1,65,71.8,79.1,65,71.8,68.9,91.5,0.181,100,8.33,rain,0,0,,12.8,153.6,1019.3,94.1,6.6,,,,,2003-09-22T06:57:09,2003-09-22T19:07:19,0.89,"Rain, Overcast",Cloudy skies throughout the day with late afternoon rain.,rain,"72401013740,72401599999"
virginia,2003-09-23,79.1,62.9,71.5,79.1,62.9,71.5,64.8,82.5,0.693,100,29.17,rain,0,0,,18.3,236.4,1012.5,64.2,8.4,,,,,2003-09-23T06:57:59,2003-09-23T19:05:46,0.92,"Rain, Partially cloudy",Partly cloudy throughout the day with rain clearing later.,rain,72401013740
virginia,2003-09-24,75.8,56.9,65.9,75.8,56.9,65.9,57.7,77.8,0,0,0,,0,0,,10.3,34.9,1019.5,7.9,9.9,,,,,2003-09-24T06:58:50,2003-09-24T19:04:13,0.95,Clear,Clear conditions throughout the day.,clear-day,72401013740
virginia,2003-09-25,80.9,60.2,69.5,81.9,60.2,69.7,62.2,80.5,0,0,0,,0,0,,15,207,1016.6,10,7.4,,,,,2003-09-25T06:59:41,2003-09-25T19:02:41,0,Clear,Clear conditions throughout the day.,clear-day,72401013740
virginia,2003-09-26,80.9,60.2,70.3,82.7,60.2,70.5,64.2,83,0,0,0,,0,0,,9.2,138.7,1015.6,8.8,6.9,,,,,2003-09-26T07:00:33,2003-09-26T19:01:08,0.02,Clear,Clear conditions throughout the day.,clear-day,72401013740
virginia,2003-09-27,80.9,62.9,71.4,82.7,62.9,71.6,65.7,84.2,0.031,100,4.17,rain,0,0,,11.6,170.5,1012.7,63.3,7.4,,,,,2003-09-27T07:01:24,2003-09-27T18:59:36,0.05,"Rain, Partially cloudy",Partly cloudy throughout the day with late afternoon rain.,rain,72401013740
virginia,2003-09-28,74,60.2,67.9,74,60.2,67.9,61.6,82.2,0,0,0,,0,0,,11.6,344.5,1008.3,65,8.2,,,,,2003-09-28T07:02:15,2003-09-28T18:58:04,0.09,Partially cloudy,Partly cloudy throughout the day.,partly-cloudy-day,72401013740
virginia,2003-09-29,68.1,52.1,59,68.1,52.1,59,47.4,67.7,0,0,0,,0,0,,13.9,326.5,1017,53.8,9.9,,,,,2003-09-29T07:03:07,2003-09-29T18:56:32,0.12,Partially cloudy,Partly cloudy throughout the day.,partly-cloudy-day,72401013740
virginia,2003-09-30,66.8,47,55.6,66.8,46,55.5,44.7,70.6,0,0,0,,0,0,,9.2,337.6,1024.9,6.5,9.9,,,,,2003-09-30T07:03:59,2003-09-30T18:55:01,0.16,Clear,Clear conditions throughout the day.,clear-day,72401013740
virginia,2003-10-01,65,48.3,56.4,65,47.4,56.4,49.9,79.9,0,0,0,,0,0,,11.6,26.4,1021.9,79.6,9.8,,,,,2003-10-01T07:04:51,2003-10-01T18:53:29,0.2,Partially cloudy,Partly cloudy throughout the day.,partly-cloudy-day,72401013740
virginia,2003-10-02,62.9,44,54,62.9,39.4,53.2,41.5,65.9,0,0,0,,0,0,,17.2,343.6,1020.5,41.3,9.9,,,,,2003-10-02T07:05:44,2003-10-02T18:51:59,0.25,Partially cloudy,Partly cloudy throughout the day.,partly-cloudy-day,72401013740
virginia,2003-10-03,61.1,37.1,49,61.1,34.4,47.1,36.3,64.1,0,0,0,,0,0,,11.6,130.1,1022.1,27.1,9.9,,,,,2003-10-03T07:06:36,2003-10-03T18:50:28,0.27,Partially cloudy,Becoming cloudy in the afternoon.,partly-cloudy-day,72401013740
virginia,2003-10-04,73.5,44,58.3,73.5,40.6,57.4,48.2,71.6,0,0,0,,0,0,,19.7,216.6,1013.5,74.6,9.9,,,,,2003-10-04T07:07:29,2003-10-04T18:48:58,0.3,Partially cloudy,Partly cloudy throughout the day.,partly-cloudy-day,72401013740
virginia,2003-10-05,69.9,46.1,57.7,69.9,46,57.7,46.4,70.1,0,0,0,,0,0,,9.2,202.6,1016.6,56.7,9.9,,,,,2003-10-05T07:08:22,2003-10-05T18:47:28,0.34,Partially cloudy,Partly cloudy throughout the day.,partly-cloudy-day,72401013740
virginia,2003-10-06,71.9,53.7,61.1,71.9,53.7,61.1,53.7,78.9,0,0,0,,0,0,,9.2,45.3,1018.3,70.8,9.9,,,,,2003-10-06T07:09:16,2003-10-06T18:45:59,0.37,Partially cloudy,Partly cloudy throughout the day.,partly-cloudy-day,72401013740
virginia,2003-10-07,73.1,53,62.5,73.1,53,62.5,58.4,87.4,0,0,0,,0,0,,10.3,73.6,1021.3,62.1,9.4,,,,,2003-10-07T07:10:09,2003-10-07T18:44:30,0.41,Partially cloudy,Partly cloudy throughout the day.,partly-cloudy-day,72401013740
virginia,2003-10-08,77.1,53.9,65.7,77.1,53.9,65.7,58.9,81.2,0,0,0,,0,0,,10.3,142.4,1023.2,70.4,7.9,,,,,2003-10-08T07:11:03,2003-10-08T18:43:02,0.44,Partially cloudy,Partly cloudy throughout the day.,partly-cloudy-day,72401013740
virginia,2003-10-09,77.1,59.1,66.5,77.1,59.1,66.5,61.1,83.9,0,0,0,,0,0,,10.3,62.8,1021.9,82.5,8.5,,,,,2003-10-09T07:11:58,2003-10-09T18:41:34,0.48,Partially cloudy,Partly cloudy throughout the day.,partly-cloudy-day,72401013740
virginia,2003-10-10,69.2,57.8,63.2,69.2,57.8,63.2,61.1,93.1,0.032,100,8.33,rain,0,0,,13.9,25.5,1018.6,67,4.6,,,,,2003-10-10T07:12:52,2003-10-10T18:40:07,0.5,"Rain, Partially cloudy",Partly cloudy throughout the day with late afternoon rain.,rain,72401013740
virginia,2003-10-11,65,60.9,62.5,65,60.9,62.5,59.9,91.3,0.024,100,8.33,rain,0,0,,15,8.3,1018,100,3.8,,,,,2003-10-11T07:13:47,2003-10-11T18:38:41,0.54,"Rain, Overcast",Cloudy skies throughout the day with late afternoon rain.,rain,72401013740
virginia,2003-10-12,78.2,56.9,67.6,78.2,56.9,67.6,58.1,74.7,0,0,0,,0,0,,10.3,308.8,1013.6,55.5,7.8,,,,,2003-10-12T07:14:42,2003-10-12T18:37:15,0.58,Partially cloudy,Partly cloudy throughout the day.,partly-cloudy-day,72401013740
virginia,2003-10-13,74,56.9,64.8,74,56.9,64.8,52.1,67.4,0,0,0,,0,0,,13.9,6.4,1015.4,17.3,9.9,,,,,2003-10-13T07:15:38,2003-10-13T18:35:50,0.61,Clear,Clear conditions throughout the day.,clear-day,72401013740
virginia,2003-10-14,71.9,53.9,61.9,71.9,53.9,61.9,57.4,86,0.421,100,16.67,rain,0,0,,17.2,166.4,1008.3,100,8.2,,,,,2003-10-14T07:16:34,2003-10-14T18:34:26,0.64,"Rain, Overcast",Cloudy skies throughout the day with late afternoon rain.,rain,72401013740
virginia,2003-10-15,69.2,46.1,58.7,69.2,46.1,58.7,43.4,62.1,0.15,100,8.33,rain,0,0,,23,275.5,1006.2,13.5,9.8,,,,,2003-10-15T07:17:30,2003-10-15T18:33:02,0.68,Rain,Clear conditions throughout the day with early morning rain.,rain,72401013740
virginia,2003-10-16,69.9,39.8,54.4,69.9,39.2,54,42.3,67.9,0,0,0,,0,0,,17.2,208.7,1020,0,9.9,,,,,2003-10-16T07:18:27,2003-10-16T18:31:39,0.71,Clear,Clear conditions throughout the day.,clear-day,72401013740
virginia,2003-10-17,69.2,44.9,56.4,69.2,44.9,56.3,49,78.3,0.122,100,8.33,rain,0,0,,13.9,13.6,1019.4,66.7,9.4,,,,,2003-10-17T07:19:24,2003-10-17T18:30:17,0.74,"Rain, Partially cloudy",Partly cloudy throughout the day with late afternoon rain.,rain,72401013740
virginia,2003-10-18,61.1,44.9,52.7,61.1,43.5,52.1,45.1,78.4,0,0,0,,0,0,,13.9,6,1018.7,48.3,8.3,,,,,2003-10-18T07:20:21,2003-10-18T18:28:56,0.75,Partially cloudy,Partly cloudy throughout the day.,partly-cloudy-day,72401013740
virginia,2003-10-19,71,39.8,54.2,71,35.7,53.4,44.6,74.6,0,0,0,,0,0,,13.9,272.9,1017.1,25,9.9,,,,,2003-10-19T07:21:18,2003-10-19T18:27:36,0.81,Partially cloudy,Partly cloudy throughout the day.,partly-cloudy-day,72401013740
virginia,2003-10-20,71,44.9,56.4,71,43.5,56.2,48.8,79,0,0,0,,0,0,,10.3,178.1,1021.2,22.1,9.5,,,,,2003-10-20T07:22:16,2003-10-20T18:26:16,0.84,Partially cloudy,Partly cloudy throughout the day.,partly-cloudy-day,72401013740
virginia,2003-10-21,75.8,53,64.8,75.8,53,64.8,55.9,75,0,0,0,,0,0,,23,221.4,1007.5,82.5,9.8,,,,,2003-10-21T07:23:15,2003-10-21T18:24:58,0.87,Partially cloudy,Partly cloudy throughout the day.,partly-cloudy-day,72401013740
virginia,2003-10-22,64.5,48.8,57.9,64.5,45.3,57.7,44.8,64.1,0,0,0,,0,0,,21.9,335.4,1003.2,71.8,9.9,,,,,2003-10-22T07:24:13,2003-10-22T18:23:40,0.91,Partially cloudy,Partly cloudy throughout the day.,partly-cloudy-day,72401013740
virginia,2003-10-23,55.1,43.1,47.8,55.1,39.8,45.9,34.1,59.9,0,0,0,,0,0,,16.1,346.7,1009,85.4,9.9,,,,,2003-10-23T07:25:12,2003-10-23T18:22:24,0.94,Partially cloudy,Partly cloudy throughout the day.,partly-cloudy-day,72401013740
virginia,2003-10-24,56.9,33.9,45,56.9,33.9,44.3,34.8,71.5,0,0,0,,0,0,,9.2,95.8,1022.7,16.1,9.9,,,,,2003-10-24T07:26:12,2003-10-24T18:21:08,0.97,Clear,Clear conditions throughout the day.,clear-day,72401013740
virginia,2003-10-25,64.1,35.9,50.9,64.1,34.6,50.6,47.6,89.8,0,0,0,,0,0,,9.2,159.6,1029.2,74.6,9.9,,,,,2003-10-25T07:27:12,2003-10-25T18:19:54,0,Partially cloudy,Partly cloudy throughout the day.,partly-cloudy-day,72401013740
virginia,2003-10-26,71,60.2,65,71,60.2,65,63.3,94.7,0.149,100,8.33,rain,0,0,,18.3,188.9,1021.1,100,7.1,,,,,2003-10-26T06:28:12,2003-10-26T17:18:41,0.04,"Rain, Overcast",Cloudy skies throughout the day with late afternoon rain.,rain,72401013740
virginia,2003-10-27,71,51.2,62.2,71,51.2,62.2,60.8,95.4,0.182,100,29.17,rain,0,0,,16.1,189.5,1010,99.6,9,,,,,2003-10-27T06:29:12,2003-10-27T17:17:29,0.07,"Rain, Overcast",Cloudy skies throughout the day with a chance of rain throughout the day.,rain,72401013740
virginia,2003-10-28,52.1,47.9,49.6,52.1,44.2,48.1,47,91.5,0.377,100,45.83,rain,0,0,,8.1,32.4,1012.2,100,6.1,,,,,2003-10-28T06:30:13,2003-10-28T17:16:18,0.11,"Rain, Overcast",Cloudy skies throughout the day with rain.,rain,72401013740
virginia,2003-10-29,65,44.9,51.9,65,42.3,50.5,47.8,87.2,1.007,100,37.5,rain,0,0,,12.8,274.1,1008.7,70.9,6.3,,,,,2003-10-29T06:31:14,2003-10-29T17:15:08,0.14,"Rain, Partially cloudy",Partly cloudy throughout the day with rain clearing later.,rain,72401013740
virginia,2003-10-30,68.1,38.9,52.8,68.1,37.8,52.6,42.1,72.2,0,0,0,,0,0,,9.2,149.9,1024.2,20,9.8,,,,,2003-10-30T06:32:15,2003-10-30T17:14:00,0.18,Clear,Becoming cloudy in the afternoon.,clear-day,72401013740
virginia,2003-10-31,75.8,44,58.9,75.8,40.6,58.6,50.8,76.7,0,0,0,,0,0,,11.6,171.9,1025.7,59.6,9.8,,,,,2003-10-31T06:33:17,2003-10-31T17:12:53,0.25,Partially cloudy,Partly cloudy throughout the day.,partly-cloudy-day,72401013740
virginia,2003-11-01,80.9,48.3,62.8,80.9,47.4,62.8,54.7,78.3,0,0,0,,0,0,,8.1,147.4,1023.9,54.6,9.5,,,,,2003-11-01T06:34:19,2003-11-01T17:11:47,0.25,Partially cloudy,Partly cloudy throughout the day.,partly-cloudy-day,72401013740
virginia,2003-11-02,80.9,53,65.5,81.2,53,65.5,57.6,79.2,0,0,0,,0,0,,9.2,134.6,1023.5,55,8.2,,,,,2003-11-02T06:35:21,2003-11-02T17:10:43,0.28,Partially cloudy,Partly cloudy throughout the day.,partly-cloudy-day,72401013740
virginia,2003-11-03,79.1,51.9,64.5,79.1,51.9,64.5,55.9,77.7,0,0,0,,0,0,,11.6,177.8,1021.8,11.8,7.8,,,,,2003-11-03T06:36:24,2003-11-03T17:09:40,0.32,Clear,Clear conditions throughout the day.,clear-day,72401013740
virginia,2003-11-04,78.9,51.9,67.8,78.9,51.9,67.8,64.6,90.9,0,0,0,,0,0,,9.2,176.1,1019.9,41.7,7.2,,,,,2003-11-04T06:37:27,2003-11-04T17:08:38,0.35,Partially cloudy,Partly cloudy throughout the day.,partly-cloudy-day,72401013740
virginia,2003-11-05,77.1,64.5,71.7,77.1,64.5,71.7,70.1,95,0,0,0,,0,0,,15,195.9,1019.2,92.6,7.4,,,,,2003-11-05T06:38:30,2003-11-05T17:07:38,0.38,Overcast,Cloudy skies throughout the day.,cloudy,72401013740
virginia,2003-11-06,73.1,64.1,68.4,73.1,64.1,68.4,68.2,99.4,1.289,100,41.67,rain,0,0,,15,340.4,1017.3,99.5,5.9,,,,,2003-11-06T06:39:33,2003-11-06T17:06:39,0.42,"Rain, Overcast",Cloudy skies throughout the day with rain.,rain,72401013740
virginia,2003-11-07,64.5,56,61.2,64.5,56,61.2,55.2,81.8,0.012,100,4.17,rain,0,0,,13.9,23.9,1020.9,97.9,9.4,,,,,2003-11-07T06:40:36,2003-11-07T17:05:42,0.45,"Rain, Overcast",Cloudy skies throughout the day with early morning rain.,rain,72401013740
virginia,2003-11-08,56,41.1,49.6,56,34.3,47.6,32.5,52.8,0,0,0,,0,0,,17.2,21.8,1029.2,40,9.9,,,,,2003-11-08T06:41:40,2003-11-08T17:04:47,0.5,Partially cloudy,Partly cloudy throughout the day.,partly-cloudy-day,72401013740
virginia,2003-11-09,48.3,33.9,39.9,46,26.7,35,27.4,62.7,0,0,0,,0,0,,10.3,25.9,1037.2,15,9.9,,,,,2003-11-09T06:42:43,2003-11-09T17:03:53,0.52,Clear,Clear conditions throughout the day.,clear-day,72401013740
virginia,2003-11-10,53.9,30.8,41.7,53.9,25,40.1,33.7,75.4,0,0,0,,0,0,,8.1,48.7,1032.6,26.5,9.9,,,,,2003-11-10T06:43:47,2003-11-10T17:03:00,0.56,Partially cloudy,Becoming cloudy in the afternoon.,partly-cloudy-day,72401013740
virginia,2003-11-11,65.9,35.9,51.3,65.9,32.9,50.7,43.8,78.4,0,0,0,,0,0,,15,199.5,1023.1,68.3,9.3,,,,,2003-11-11T06:44:51,2003-11-11T17:02:10,0.59,Partially cloudy,Partly cloudy throughout the day.,partly-cloudy-day,72401013740
virginia,2003-11-12,70.1,59.1,63.4,70.1,59.1,63.4,53.9,72,0.02,100,4.17,rain,0,0,,15,217.2,1012.5,98.3,9.9,,,,,2003-11-12T06:45:55,2003-11-12T17:01:21,0.62,"Rain, Overcast",Cloudy skies throughout the day with late afternoon rain.,rain,72401013740
virginia,2003-11-13,66.8,39.8,53.9,66.8,31.2,51.5,27.9,40.6,0,0,0,,0,0,,32.2,287.1,1010.1,40.8,9.9,,,,,2003-11-13T06:46:59,2003-11-13T17:00:33,0.66,Partially cloudy,Partly cloudy throughout the day.,wind,72401013740
virginia,2003-11-14,51.2,29.9,42.9,51.2,23.9,38,18.3,38,0,0,0,,0,0,,18.3,260.1,1019.2,38.8,9.9,,,,,2003-11-14T06:48:03,2003-11-14T16:59:48,0.69,Partially cloudy,Becoming cloudy in the afternoon.,partly-cloudy-day,72401013740
virginia,2003-11-15,52.1,42.2,47.5,52.1,37.8,45.1,31.3,56,0,0,0,,0,0,,12.8,260.6,1021.1,95,9.9,,,,,2003-11-15T06:49:07,2003-11-15T16:59:04,0.72,Overcast,Cloudy skies throughout the day.,cloudy,72401013740
virginia,2003-11-16,53.7,42.9,49.1,53.7,40.6,48.1,46.1,90.1,0.055,100,12.5,rain,0,0,,6.9,193.6,1022.6,99.6,9.4,,,,,2003-11-16T06:50:11,2003-11-16T16:58:22,0.75,"Rain, Overcast",Cloudy skies throughout the day with rain.,rain,72401013740
virginia,2003-11-17,62.9,44,52.5,62.9,43.9,52.4,48.2,86.6,0,0,0,,0,0,,11.4,52.5,1023.1,42.9,7.2,,,,,2003-11-17T06:51:14,2003-11-17T16:57:42,0.79,Partially cloudy,Partly cloudy throughout the day.,partly-cloudy-day,72401013740
virginia,2003-11-18,66.8,46.5,55.7,66.8,46,55.4,52.4,89.4,0.012,100,4.17,rain,0,0,,13.9,105.5,1022.7,88.7,7.5,,,,,2003-11-18T06:52:18,2003-11-18T16:57:03,0.82,"Rain, Partially cloudy",Partly cloudy throughout the day with morning rain.,rain,72401013740
virginia,2003-11-19,73.5,53.9,63,73.5,53.9,63,60.7,92.9,1.513,100,41.67,rain,0,0,,23,160.7,1005.9,100,7.9,,,,,2003-11-19T06:53:21,2003-11-19T16:56:27,0.86,"Rain, Overcast",Cloudy skies throughout the day with rain.,rain,72401013740
virginia,2003-11-20,61.1,41.1,51.5,61.1,39.2,50.5,39.5,66.6,0.012,100,4.17,rain,0,0,,16.1,303.9,1012,9.2,9.9,,,,,2003-11-20T06:54:24,2003-11-20T16:55:52,0.89,Rain,Clear conditions throughout the day with early morning rain.,rain,72401013740
virginia,2003-11-21,74,35.9,53.5,74,31.9,52.9,40.3,67,0,0,0,,0,0,,10.3,236.5,1016.8,13.9,9.9,,,,,2003-11-21T06:55:27,2003-11-21T16:55:19,0.92,Clear,Clear conditions throughout the day.,clear-day,72401013740
virginia,2003-11-22,70.1,42.2,54.6,70.1,42.2,54.6,45.1,73.3,0,0,0,,0,0,,6.9,125.1,1019.2,27.8,9.9,,,,,2003-11-22T06:56:30,2003-11-22T16:54:49,0.96,Partially cloudy,Partly cloudy throughout the day.,partly-cloudy-day,72401013740
virginia,2003-11-23,68.1,41.1,54.2,68.1,41.1,53.9,48.9,84.9,0,0,0,,0,0,,9.2,130.9,1020.5,65.8,7.8,,,,,2003-11-23T06:57:32,2003-11-23T16:54:20,0,Partially cloudy,Partly cloudy throughout the day.,partly-cloudy-day,72401013740
virginia,2003-11-24,69.2,46.5,56.9,69.2,41.1,55.8,52,85.2,0.02,100,4.17,rain,0,0,,21.9,180.1,1013.5,60,8.2,,,,,2003-11-24T06:58:34,2003-11-24T16:53:53,0.03,"Rain, Partially cloudy",Partly cloudy throughout the day with late afternoon rain.,rain,72401013740
virginia,2003-11-25,47.9,32.1,39.6,46,26.5,35.4,28.7,67.1,0,0,0,,0,0,,15,22.3,1020.9,50.9,9.9,,,,,2003-11-25T06:59:35,2003-11-25T16:53:28,0.06,Partially cloudy,Partly cloudy throughout the day.,partly-cloudy-day,72401013740
virginia,2003-11-26,50.1,29.9,40,50.1,29.9,39.6,34.2,80.8,0,0,0,,0,0,,5.8,171.5,1022.4,75.5,9.7,,,,,2003-11-26T07:00:36,2003-11-26T16:53:05,0.09,Partially cloudy,Partly cloudy throughout the day.,partly-cloudy-day,72401013740
virginia,2003-11-27,59.1,35.7,48.3,59.1,33,48.1,43.4,84.5,0,0,0,,0,0,,10.3,158.9,1022,92.2,9.6,,,,,2003-11-27T07:01:36,2003-11-27T16:52:45,0.13,Overcast,Cloudy skies throughout the day.,cloudy,72401013740
virginia,2003-11-28,71.9,44,58.2,71.9,37.2,57.4,55.1,90,0.46,100,16.67,rain,0,0,,23,205.8,1007.1,95,7.3,,,,,2003-11-28T07:02:36,2003-11-28T16:52:26,0.16,"Rain, Overcast",Cloudy skies throughout the day with rain.,rain,72401013740
virginia,2003-11-29,46.5,35,40.3,39.3,25,31.9,22.7,49.6,0,0,0,,0,0,,23,268.4,1013.4,23.8,9.9,,,,,2003-11-29T07:03:35,2003-11-29T16:52:09,0.19,Partially cloudy,Becoming cloudy in the afternoon.,partly-cloudy-day,72401013740
virginia,2003-11-30,59.1,33.2,44,59.1,26.2,39.3,26.1,50.9,0,0,0,,0,0,,17.2,227.4,1018.1,76.3,9.9,,,,,2003-11-30T07:04:33,2003-11-30T16:51:54,0.25,Partially cloudy,Partly cloudy throughout the day.,partly-cloudy-day,72401013740
virginia,2003-12-01,61.1,41.1,49.9,61.1,38,47.7,26.5,40.9,0,0,0,,0,0,,21.9,287.3,1016.9,55,9.9,,,,,2003-12-01T07:05:30,2003-12-01T16:51:42,0.26,Partially cloudy,Partly cloudy throughout the day.,partly-cloudy-day,72401013740
virginia,2003-12-02,47,33.2,39.1,41.5,25.5,32.6,15.7,38.8,0,0,0,,0,0,,16.1,310.4,1027.1,4.6,9.9,,,,,2003-12-02T07:06:27,2003-12-02T16:51:31,0.29,Clear,Clear conditions throughout the day.,clear-day,72401013740
virginia,2003-12-03,35.9,26,31.2,34.1,19.2,27.2,18,58.9,0,0,0,,0,0,,16.1,17.3,1034.6,68.8,9.9,,,,,2003-12-03T07:07:23,2003-12-03T16:51:23,0.33,Partially cloudy,Partly cloudy throughout the day.,partly-cloudy-day,72401013740
virginia,2003-12-04,35,25.1,31.5,35,25,28.5,26.9,83.8,0.272,100,25,"rain,snow",0,0,,10.3,45.3,1030.4,95.4,9.1,,,,,2003-12-04T07:08:18,2003-12-04T16:51:17,0.36,"Snow, Rain, Overcast",Cloudy skies throughout the day with rain or snow.,rain,72401013740
virginia,2003-12-05,41.1,35,37.2,35.4,28.2,30.1,37.2,100,0.853,100,50,"rain,snow",0,0,,12.8,354.4,1014.5,100,3.7,,,,,2003-12-05T07:09:12,2003-12-05T16:51:12,0.39,"Snow, Rain, Overcast",Cloudy skies throughout the day with a chance of rain or snow throughout the day.,rain,72401013740
virginia,2003-12-06,38.9,29,33.4,30.1,18.1,24.6,27.9,81.3,0.012,100,4.17,"rain,snow",0,0,,18.3,340.7,1014.2,69.2,8.4,,,,,2003-12-06T07:10:05,2003-12-06T16:51:10,0.43,"Snow, Rain, Partially cloudy",Partly cloudy throughout the day with early morning snow or rain.,rain,72401013740
virginia,2003-12-07,44,26.9,34.7,37.2,19.4,28.5,23.5,64.7,0,0,0,,0,0,,16.1,320.7,1017,4.3,9.9,,,,,2003-12-07T07:10:57,2003-12-07T16:51:10,0.46,Clear,Clear conditions throughout the day.,clear-day,72401013740
virginia,2003-12-08,44.9,24.9,33.4,44.9,20.3,32,23,68.9,0,0,0,,0,0,,6.9,13.8,1022.1,47.5,9.9,,,,,2003-12-08T07:11:48,2003-12-08T16:51:12,0.5,Partially cloudy,Partly cloudy throughout the day.,partly-cloudy-day,72401013740
virginia,2003-12-09,53,26.9,38.8,53,21.8,36.2,30.1,72.6,0,0,0,,0,0,,12.8,145.8,1022.9,85,9.9,,,,,2003-12-09T07:12:38,2003-12-09T16:51:17,0.53,Partially cloudy,Partly cloudy throughout the day.,partly-cloudy-day,72401013740
virginia,2003-12-10,57.8,33.9,44.9,57.8,30.8,43.6,43.6,95.2,0.882,100,29.17,rain,0,0,,24.2,118.6,1012.4,99.6,6.9,,,,,2003-12-10T07:13:26,2003-12-10T16:51:23,0.56,"Rain, Overcast",Cloudy skies throughout the day with rain.,rain,72401013740
virginia,2003-12-11,57.8,38.9,51,57.8,33.3,49.1,41,70.9,0.512,100,12.5,rain,0,0,,23,266.7,1000.9,52.5,9.6,,,,,2003-12-11T07:14:13,2003-12-11T16:51:31,0.6,"Rain, Partially cloudy",Partly cloudy throughout the day with early morning rain.,rain,72401013740
virginia,2003-12-12,47,28.5,37.9,46,24.8,34.9,28.2,69.5,0,0,0,,0,0,,10.3,298.5,1019.5,20.4,9.9,,,,,2003-12-12T07:14:59,2003-12-12T16:51:42,0.63,Partially cloudy,Partly cloudy throughout the day.,partly-cloudy-day,72401013740
virginia,2003-12-13,37.5,28.5,33.1,32.2,21.6,26.7,20,59.4,0,0,0,,0,0,,12.8,42.4,1028.9,68.8,9.8,,,,,2003-12-13T07:15:44,2003-12-13T16:51:54,0.67,Partially cloudy,Partly cloudy throughout the day.,partly-cloudy-day,72401013740
virginia,2003-12-14,41.1,30.3,34.8,33.6,21,26.9,34.7,99.5,1.291,100,62.5,"rain,snow",0,0,,15,349.7,1013.2,99.6,5.7,,,,,2003-12-14T07:16:27,2003-12-14T16:52:08,0.7,"Snow, Rain, Overcast",Cloudy skies throughout the day with a chance of rain or snow throughout the day.,rain,72401013740
virginia,2003-12-15,48.8,33.2,39.6,43.1,28,34.5,32.3,76.9,0,0,0,,0,0,,16.1,264.3,1015.9,21.7,9.4,,,,,2003-12-15T07:17:08,2003-12-15T16:52:25,0.74,Partially cloudy,Partly cloudy throughout the day.,partly-cloudy-day,72401013740
virginia,2003-12-16,53.9,28.1,40.9,53.9,22.8,37.7,36.6,85.9,0,0,0,,0,0,,12.8,180.1,1021.1,68.8,9.7,,,,,2003-12-16T07:17:49,2003-12-16T16:52:43,0.75,Partially cloudy,Partly cloudy throughout the day.,partly-cloudy-day,72401013740
virginia,2003-12-17,53,33.2,44.6,53,25.5,40.6,42,91.4,0.231,100,29.17,rain,0,0,,18.3,295.9,1006.8,75.4,7.1,,,,,2003-12-17T07:18:27,2003-12-17T16:53:04,0.8,"Rain, Partially cloudy",Partly cloudy throughout the day with a chance of rain throughout the day.,rain,72401013740
virginia,2003-12-18,42.2,32.1,37.3,36.7,22.6,29.9,26.1,64.3,0,0,0,,0,0,,15,251.9,1009.8,85.2,9.9,,,,,2003-12-18T07:19:04,2003-12-18T16:53:26,0.84,Partially cloudy,Partly cloudy throughout the day.,partly-cloudy-day,72401013740
virginia,2003-12-19,38.9,29,34,34.6,22.8,28.1,27.9,78.7,0,0,0,,0,0,,12.8,311.3,1010.3,94.6,9.8,,,,,2003-12-19T07:19:40,2003-12-19T16:53:51,0.87,Overcast,Cloudy skies throughout the day.,cloudy,72401013740
virginia,2003-12-20,41.1,23.1,32.8,33.6,20.3,25.9,20,61,0,0,0,,0,0,,16.1,307.2,1018.2,49.6,9.9,,,,,2003-12-20T07:20:13,2003-12-20T16:54:17,0.91,Partially cloudy,Partly cloudy throughout the day.,partly-cloudy-day,72401013740
virginia,2003-12-21,47,20.9,33.5,41.5,14.8,27.9,16.9,54.6,0,0,0,,0,0,,17.2,213.7,1028.1,12.9,9.9,,,,,2003-12-21T07:20:45,2003-12-21T16:54:45,0.94,Clear,Clear conditions throughout the day.,clear-day,72401013740
virginia,2003-12-22,59.1,30.3,43.6,59.1,22.1,39.2,24.4,48.1,0,0,0,,0,0,,13.9,210.6,1023.5,50,9.9,,,,,2003-12-22T07:21:16,2003-12-22T16:55:15,0.98,Partially cloudy,Partly cloudy throughout the day.,partly-cloudy-day,72401013740
virginia,2003-12-23,64.1,38,51.9,64.1,31.6,49.6,38.6,61.7,0.071,100,4.17,rain,0,0,,21.9,189.8,1018.9,64.8,9.4,,,,,2003-12-23T07:21:44,2003-12-23T16:55:47,0,"Rain, Partially cloudy",Partly cloudy throughout the day with late afternoon rain.,rain,72401013740
virginia,2003-12-24,60.9,42.2,54.1,60.9,36.2,52.8,52,92.9,0.146,100,25,rain,0,0,,15,170.3,1009.6,97,7.6,,,,,2003-12-24T07:22:11,2003-12-24T16:56:21,0.04,"Rain, Overcast",Cloudy skies throughout the day with a chance of rain throughout the day.,rain,72401013740
virginia,2003-12-25,43.1,34.1,38.2,36.7,26.7,32.1,24.9,59.8,0,0,0,,0,0,,13.9,305.4,1016.7,65,9.9,,,,,2003-12-25T07:22:36,2003-12-25T16:56:56,0.08,Partially cloudy,Partly cloudy throughout the day.,partly-cloudy-day,72401013740
virginia,2003-12-26,47.9,26.9,37.2,42.9,20.3,31.7,24.5,61,0,0,0,,0,0,,12.8,277.4,1023.7,0,9.9,,,,,2003-12-26T07:22:59,2003-12-26T16:57:33,0.11,Clear,Clear conditions throughout the day.,clear-day,72401013740
virginia,2003-12-27,56,26.7,39.6,56,24.3,38.6,24.9,60.2,0,0,0,,0,0,,11.4,331.9,1024.8,3.8,9.9,,,,,2003-12-27T07:23:20,2003-12-27T16:58:12,0.14,Clear,Clear conditions throughout the day.,clear-day,72401013740
virginia,2003-12-28,53.9,28.1,38.2,53.9,24.8,36.6,29.7,73.4,0,0,0,,0,0,,6.9,126.6,1027.6,3.8,9.8,,,,,2003-12-28T07:23:39,2003-12-28T16:58:52,0.17,Clear,Clear conditions throughout the day.,clear-day,72401013740
virginia,2003-12-29,62,30.3,46.3,62,25.4,44.1,37.8,76.1,0,0,0,,0,0,,16.1,201.2,1021.7,30.9,9.5,,,,,2003-12-29T07:23:56,2003-12-29T16:59:34,0.21,Partially cloudy,Partly cloudy throughout the day.,partly-cloudy-day,72401013740
virginia,2003-12-30,57.3,35,51.6,57.3,35,51.2,38.6,65.2,0.024,100,8.33,rain,0,0,,19.7,254.2,1017.8,43.3,9.9,,,,,2003-12-30T07:24:11,2003-12-30T17:00:17,0.25,"Rain, Partially cloudy",Clearing in the afternoon with morning rain.,rain,72401013740
virginia,2003-12-31,53.7,26,39.9,53.7,24.8,37.6,28.3,66.3,0,0,0,,0,0,,13.9,204.9,1026.8,2.5,9.9,,,,,2003-12-31T07:24:25,2003-12-31T17:01:02,0.27,Clear,Clear conditions throughout the day.,clear-day,72401013740
